URL,카테고리,태그,메모,설명
https://www.instagram.com/p/DF2jzykSSQ5/?igsh=MTI1bmFzd3E3Y3UyaQ==,🦵오프라인,"체험전시, 조향, 향기",수원에서 진행되는 하루비움 체험전시는 향기를 통해 자신을 알아가고 나만의 향을 만드는 참여형 힐링 프로그램입니다,"향기를 통해 나를 알아볼 수 있는 하루비움 체험전시🌱 ✔︎ #아로마케미 하루비움 체험전시란? 조향 오픈랩에서 진행되는 '나의 향'에 대해 찾아갈 수 있는 참여형 체험전시에요 ᨻ <햇살치유와 명상, 자연물 관능 체험, 상담지 작성, 마음 바라보기, 그림으로 표현하기, 향료 선택, 나만의 향기 완성> 이러한 디테일한 과정들을 통해 자신에 대해 알아가는 시간도 갖고 그걸 토대로 세상에 하나밖에 없는 나만의 향도 만들 수 있는 힐링 만땅되는 프로그램이랍니다.∗̥✩⁺˚♡ 할머니 향부터! 소녀향, 강아지풀 향, 모래사장 향 등 다양하고 이색적인 향기도 느낄 수 있어서 수원 사시는 분들은 겨울철 실내 데이트로 강추 드려요...!!⌁❤︎⌁ -행사정보- 하루비움 체험전시 특별전 <인사이드 케미 2> - 기간: 2025.02.03(월)~2025.03.02(일) - 위치: 경기 수원시 영통구 월드컵로 199, 801호 아로마케미 오픈랩 (원천동, 아주대학교 어학교육원) - 참여방법: 네이버 플레이스 예약 (회차당 4인 한정) ⊶⊷⊶⊷⊶⊷⋆⊶⊷⊶⊷⊶ 📍경기 수원시 영통구 월드컵로 199 801호 ⏱️11:00 - 20:00 ✔️일 정기휴무 📞0507-1358-8052 ⊶⊷⊶⊷⊶⊷⋆⊶⊷⊶⊷⊶ #리뷰노트#협찬#체험전시#향수공방#조향오픈랩#인사이드케미#하루비움#향지만들기#나만의향#감성카페#선팔하면맞팔#먹스타그램#먹팔#선팔맞팔환영"
https://www.instagram.com/p/DSSXYqlj7wT/?img_index=3&igsh=eTV6d2M0MTYxOGhz,🦵오프라인,"향수 공방, 향수 만들기, 수원 인계동",수원 인계동 CGV 건물에 위치한 향수 공방에서 직접 향을 조합해 나만의 향수를 만드는 체험을 소개합니다,"수원 인계동 CGV 건물에 숨어있는 내 취향 그대로 향을 만들 수 있는 감성 가득한 향수 공방 아로마 포레스트✨ 연인, 친구, 부모님이랑 추억 만들기에도 완전 추천( •̀ω•́ )و✧ 수십 가지 원료 중에서 직접 맡아보며 조합하는데 설명도 너무 친절해서 향알못도 전혀 부담 없슴당! 하나하나 말아보는 과정이 생각보다 재밌고 완성된 향 맡는 순간 괜히 뿌듯… ‧⁺( ᵒ̴̶̷̥́ ◡ ᵒ̴̶̷̣̥̀ )⁺‧ 중간중간 커피 원두 향으로 코 리셋 필수임당👀 💰나만의 향수 만들기 50ml / 40,000원 📍 아로마 포레스트 인계점 경기 수원시 팔달구 권광로 181 CGV 7층 수원시청역 8번 출구에서 도보 약 120m @aromaforest_suwon #리얼리뷰 #피코후기 #아로마포레스트 #수원향수공방 #인계동데이트 #수원원데이클래스 #나만의향 #향수만들기 #수원시청역"
https://www.instagram.com/p/DMZtsdsRp1m/?igsh=ZHozYnVtMTNiZ3px,🦵오프라인,"퍼퓸뱅크, 추억의 향기, 전주카페",전주에서 나만의 향을 담아 추억을 간직할 수 있는 퍼퓸뱅크 체험 공간을 소개합니다,"나만의향, 나마의 이야기를 담는 퍼퓸뱅크💟 내가 직접 고른 향을 담아 그 안에 추억과 적어 공병 안에 함께 오래도록 간직할 수 있어요. 단순한 향이 아니라 그때 기억을 함께 간직할 수 있는 추억의 향기이자 타임캡슐입니다.💊 📍전북 전주시 완산구 전라감영4길 13-7 2층 ⏰평일(주말) 14:00 - 19:00 (13:00 - 20:00) 📌화수 휴무입니다, ✅퍼퓸뱅크 당일 체험 가능 #전주카페추천 #전주카페 #전주가볼만한곳 #전주객사데이트 #전주객리단길카페 #전주독립서점 #전주객사카페"
https://www.instagram.com/reel/C6OefWqpnJ7/?igsh=MzVjbXkzMnJzMzF0,🤳 제품군,"세제, 향, 포근함",왓아릴리프 캡슐 세제는 섬유유연제 없이도 오래가는 포근한 향과 좋은 세정력을 제공한다,"해내린의 추천☀️템 내돈내산, 직접 오랜 시간 사용한 왓아릴리프 캡슐 세제 @what_a_relief_official 섬유유연제를 사용하지 않고 세제만으로 향이 오래 남고, 포근한 향을 찾는다면 강력 추천한다 어떤 아가 옷에서 나는 향이 너무 좋아 부모님께 슬쩍 물어보았다 그 정도로 향이 너무 좋고, 오-래 간다 향수를 좋아하는 나지만 향수가 없어도 세제만의 향으로 가득하다 특히나 이불을 빨고 나면 그 이불에서 포근하게 자는 느낌이란, 행복이란 지금 이 순간이라고 느낄 정도로 좋다 나는 자는 곳을 정말 중요하게 생각한다 잠으로부터 회복하고, 나만의 쉼터, 나의 소중한 장소라고 생각하기 때문이다 🌿왓아릴리프를 추천☀️템으로 고른 이유 1)향이 오래간다 2)섬유유연제가 필요 없다 3)은은한 향이 마음을 편해지게 한다 4)나에게 나는 향기가 좋다 5)나의 옷, 이불을 좋아하게 된다 6)포근하다 7)많은 빨래에 하나의 캡슐로 가능하다 8)향만 좋은 것이 아니라 세정력도 좋다 9)유해성분 무첨가!!! 나에게, 우리에게 좋은 것만 10)나만의 향이 생긴다 엇? 누구 향이다 ! 할 정도의 좋은 향이다 ☀️해내린에세 삶에, 일상에, 대화방법에, 관계에 있어 팁을 얻고 싶다면 팔로우! 🧸해내고 싶은 해내린의 도전을 응원한다면 좋아요 눌러주세요 @sun___nerin1_1 @sun___nerin1_1..."
https://www.instagram.com/reel/DJiYX5kyFXv/?igsh=MWdmY25qZjBzZjQzYw==,🦵오프라인,"플래그십스토어, 조향체험, 나만의향",성수에 오픈한 Shiro 플래그십스토어에서 조향 체험과 다양한 뷰티 제품을 직접 경험할 수 있다,"Shiro, 성수에 첫 플래그십 스토어 오픈 ⭐️ ⠀ 일본 감성 뷰티 브랜드 Shiro(@shiro_japan), 이제 성수에서 직접 경험할 수 있어요. ⠀ 1층에는 스킨케어, 바디, 메이크업까지 Shiro의 베스트템이 가득하고, ⠀ 2층은 조금 특별해요. HERB BLENDER LAB에서 나만의 향을 직접 만들 수 있는 공간. ⠀ 향 덕후라면 무조건 가야 하는 곳이에요 🩵 ⠀ #Shiro #시로 #Shiro성수 #플래그십스토어 #향기로운하루 #감성공간 #성수힙플 #나만의향 #조향체험 #클린뷰티 #릴스추천"
https://www.instagram.com/reel/DLCbAvICD8q/?igsh=MW5tcDllOWJrcXk5bg==,🤳 제품군,"향기, 디퓨저, 힐링",비듀이 디퓨저로 나만의 힐링 공간을 완성하고 휴식을 즐길 수 있다,"💐향기로 완성하는 나만의 아지트 여유로운 휴식 속 작은 사치💛 🏡나만의 힐링 공간을 위한 선택 ✔️ 은은하고 부드러운 향이 하루의 피로를 녹여줘요 ✔️ 욕실, 침실, 파우더룸 어디든 완벽하게 어울리는 디자인 ✔️ 선물용으로도 센스 100점 🎁 향기로 일상에 포인트 주고 싶을 때, 비듀이와 함께해요~! ▼비듀이 공식몰 구매 혜택 디퓨저 5만원 이상 구입 시 본품 1세트 추가 증정 샤쉐 3개 구입 시 1개 무료 증정 #비듀이 #BeDEWY #여름 #향기 #힐링 #공간 #디퓨저 #나만의향 #하루 #stay #휴일 #여유로움 #쉼 #휴식"
https://www.instagram.com/p/C3bQ_f7MXUP/?igsh=MXBjcm04amkxZjd5,🎩 콘텐츠,"머스크향, 향수, 좋은향",머스크 향을 좋아하는 사람들을 위한 향수 관련 게시물입니다,머스크 좋아하는 사람 손😌 ⠀⠀⠀⠀⠀⠀⠀⠀⠀⠀⠀⠀⠀⠀⠀⠀⠀ ⠀⠀⠀⠀⠀⠀⠀⠀ ⠀⠀⠀⠀⠀⠀⠀⠀⠀⠀⠀⠀⠀⠀⠀⠀⠀ ⠀⠀⠀⠀⠀⠀⠀⠀ #향수 #향 #향기 #냄새 #머스크향 #머스크 #좋은향 #시트러스 #호감 #매너
https://www.instagram.com/p/DREtVnxEw5R/?img_index=2&igsh=MWtpYzZubXcwa2s3cA==,🎩 콘텐츠,"향수, 향기, 향따",좋은 향기로 지나가는 사람의 관심을 끄는 향수 추천 내용,지나가는 사람한테 좋은 향 나서 고개 돌려본 적 있지? ”저기 혹시.. 향수 뭐 쓰세요?“ 말 바로 나오게 하는 향따 100% 보장하는 향기 깡패들만 모아봤어 👊✨
https://www.instagram.com/p/DSrYl6GD84n/?igsh=MWZ0YTE0bGEyc20waA==,🤳 제품군,"Instagram, Private, media",,페이퍼인센스/고체향수/캔들
https://www.instagram.com/p/DIiozUORrbb/?igsh=MWlibWpwZDJkMDNoZA==,🎩 콘텐츠,"태어난 달, 향기, 기운",태어난 달의 기운과 닮은 향기를 통해 개인의 성향을 풀이하는 내용입니다,"태어난 달로 풀이하는 '난 어떤 향기일까?' DIRECTOR. SAJUNARU 사주에서 태어난 달(월주, 月柱)은 사람의 성향이나 삶의 분위기를 결정짓는 중요한 요소입니다. 어떤 기운이 시작되고, 어떤 에너지가 머무는 시점인지에 따라 그 사람의 기본적인 기질이 달라지죠. 흥미로운 건, 그 달의 기운을 닮은 향들이 있다는 점이에요. 누군가는 따뜻하고 묵직한 샌달우드처럼, 누군가는 산뜻하면서도 절제된 베르가못처럼 살아갑니다. 그저 좋아하는 향이 아니라, 내가 가진 기운과 닮은 향이라는 게 포인트예요. 당신은 어떤 향기를 닮았을까요? ※ 해당 컨텐츠는 음력을 기준으로 작성되었습니다. 매 주 평일, 새로운 운세 정보가 찾아옵니다. 나루 매거진을 팔로우하시고 따끈따끈할 때 바로 챙겨보세요. @sajunaru @sajunaru @sajunaru #나루월간지 #나루월간지_4월 #나루_태어난달"
https://www.instagram.com/p/DUzEI3Fkn4q/?igsh=czczemgzY2llbTNz,🤳 제품군,"에센셜오일, 블렌딩, 요가원",에센셜오일,"🧘♀️ 인기 요가원에 꼭 있는 ‘그 향’의 정체 “여기 들어오면 왜 숨이 편해지지?” 기분 탓 ❌ 인테리어 효과 ❌ 답은 향의 종류입니다. 🕯️ 향초·합성향은 공간의 냄새를 덮고 감성을 자극하는 향. 하지만 🌿 에센셜오일 디퓨징은 후각을 통해 신경계에 직접 작용합니다. 호흡의 리듬, 긴장도, 공간의 분위기까지 조율하는 향으로 시너지 에센셜 블렌딩을 추천해요! 요가원에서 숨이 편해지는 이유는 ‘예쁜 향’이 아니라 잘 설계된 블렌딩 덕분입니다. 몸이 먼저 안정되면, 호흡이 달라지고 집중이 달라집니다. 설 연휴, 계속 누워만 있기엔 몸이 더 무거워질지도 몰라요. 설 연휴에도 오픈하는 요가원을 찾아가서 깊게 한 번 숨 쉬어보는 건 어떨까요? 🌿 📸©아난다요가 𝙎𝙘𝙞𝙚𝙣𝙘𝙚-𝙗𝙖𝙨𝙚𝙙 𝙡𝙞𝙛𝙚𝙨𝙩𝙮𝙡𝙚 당신의 일상을 좀 더 건강하게, 과학적 아로마테라피 라이프스타일 매거진"
https://www.instagram.com/p/DMJ_1omv_Ma/?igsh=Z2VjbDllMjR2YW4x,🎩 콘텐츠,"향조, 향수, 향수추천",향알못을 위한 향조 정리와 향수 구매 팁을 공유하는 게시물입니다,"향알못을 위한 향조 완벽 정리📖 ✅ 정말 좋아하는 향, 이름을 알고 계신가요? 저는 항상 향수 시향을 하고 나면 향수의 노트들을 살펴보곤 하는데요, 제가 경험해봤던 향들을 기준으로 향알못도 이해하기 쉬운 언어로 향조들을 정리해봤답니다! ✅ 은은한 살냄새부터 관능적이고 매력적인 향까지! 향알못 친구에게 공유! 저장해두고 향수 구매할 때 궁금한 향이 있다면 꺼내보는건 어떨까요? 궁금한 향이 있다면 댓글로 알려주세요!👀 📌팔로우 한 번으로 얻는 감각적인 패션 정보 📌 경험이 담긴 패션 / 그루밍 인사이트🫨 @no.salary.boy #여름향수 #향수추천 #딥티크 #패션꿀팁 #패션정보 #향수정리 #향수꿀팁 #살냄새향수 #향수 #바이레도 #데일리향수 #관리템 #관리법"
https://www.instagram.com/p/DSUu4CwE5EA/?igsh=OGl3MHppOHE3cnQ1,🤳 제품군,"셀럽, 향기템, 향수",연예인들이 사용하는 향기 아이템,"✨ 연예인들 이 향 쓴다던데? 👀 소문 말고, 진짜 셀럽피셜 향기템 🕯 산타마리아노벨라 로사 가데니아 캔들 – 정재형 @jaehyungjung17 🖐 로에 신시어우드 퍼퓸드 핸드크림 – BTS 정국 @mnijungkook 🍯 로라 메르시에 엠버 바닐라 – 프로미스나인 나경 @blossomlng_0 🛏 사봉 패브릭 미스트 린넨 & 화이트 피오니 – 빅뱅 대성 @d_lable_official 🌿 로에베 아이레 수틸레사 – 프로미스나인 백지현 @jiheonnibaek 🍋 불리1803 오 트리쁠 베르벤느 – 아이유 @dlwlrma 🌸 불리1803 데 비지날 멕시크 튜베로즈 – 트와이스 나연 @nayeonyny"
https://www.instagram.com/reel/DUK1QkQk0tk/?igsh=MWd1MzI0N283aHk4YQ==,🎩 콘텐츠,"향수, 잔향, 바세린",무향 바세린을 피부에 바르고 그 위에 향수를 뿌리면 향이 오래 지속되고 부드럽게 퍼진다,💗향 오래가는 사람들… 사실 다 이유 있었어요 👀 ✔ 향수 뿌려도 금방 사라지는 분 ✔ 잔향 오래 유지하고 싶은 분 ✔ 향수 낭비 줄이고 싶은 분께 추천! ✅ 방법은 정말 간단해요 ✔ 무향 바세린 소량 준비 ✔ 손목 / 귀 뒤 / 쇄골에 얇게 발라주기 ✔ 그 위에 향수 톡톡! 이렇게 하면 👉 향이 피부에 오래 머물러요 👉 날아가지 않고 은은하게 지속돼요 ✅ 왜 효과가 좋냐면요 ✔ 바세린이 수분막 역할 ✔ 향 성분이 공기 중으로 바로 날아가지 않음 ✔ 향이 더 부드럽게 퍼짐 향수 많이 뿌릴 필요도 없어서 오히려 향이 더 고급스럽게 느껴져요 ✨ ⚠️ 주의사항 • 무향 바세린만 사용하기 • 얼굴/눈가에는 사용 X • 소량만 사용해야 끈적이지 않아요 📌 향 오래 가는 방법 찾고 계셨다면 저장해두셨다가 꼭 한 번 써보세요 💗#향수 #잔향 #냄새
https://www.instagram.com/p/DO5FrjakhK8/?igsh=MXd4NXN6b2lpend5ag==,🤳 제품군,"세스코, 덕수궁, 향기템",세스코의 디퓨저가 덕수궁 향기와 비슷하다는 후기가 있어 관심을 모으고 있다,숨겨진 향기 맛집🫧 최근 X(구 트위터)에서 세스코(@cesco_kr) 향기템이 유행하고 있습니다. 덕수궁 공식 계정이 덕수궁 건물 향기 문의에 대한 답변으로 세스코 제품임을 밝힌 게 시작이었는데요. 아쉽게도 덕수궁에서 사용하는 방향방충제는 업소용 렌탈 제품이라 가정에서 사용하기에는 무리가 있습니다. 하지만 우리 의지의 한국인들은 여기서 포기하지 않죠😏 세스코에서 판매 중인 디퓨저를 찾아낸 건데요. 덕수궁에서 사용하는 제품과 동일한 향은 아니지만 향기가 좋다는 후기가 아주 많습니다. 이쯤 되니 덕수궁 향기가 대체 어떤 향인지 정말 궁금해지네요. 덕수궁 향기 맡아본 분 있나요? Editor 김수은 Image @cesco_kr #디에디트 #매거진 #트렌드 #세스코 #덕수궁 #향 #디퓨저
https://www.instagram.com/reel/DJBwJxsz7uN/?igsh=MmFoNGE5YTNwZWV5,🤳 제품군,"향기 브랜딩, 맞춤형 향수, 커스터마이징",고객의 개별 경험과 감정을 반영한 맞춤형 향수 및 캔들 제작 서비스,"🌸향기 브랜딩 모음집🌸 ✍️ 향기 + 손글씨 캡처 → 고객이 직접 쓴 글씨를 향수 병에 새겨주는 서비스 ✨ 반짝이는 DNA 향수 → 고객의 DNA 정보 일부를 바탕으로 ‘나만의 향’ 조합해서 만들어줌 ☁️ 꿈 기록 향수 → “최근 꾼 꿈”을 이야기하면, 그걸 컨셉 삼아 향을 커스터마이징 ✈️ 여행 기억 캔들 → 특정 여행지(예: 몰디브 바다 향, 도쿄 거리 향) 테마로 캔들 제작 ️️🎵 음악향수 → 고객이 좋아하는 노래를 기반으로 향 개발 (예: “잔잔한 재즈 느낌 향기”) 💬 첫 문자 캡슐 → 연인/친구와 주고받은 첫 문자 내용을 향수나 캔들 포장에 새겨줌 ⚡ 순간포착 향수 → “나만의 찰나”를 사진으로 보내면, 그 이미지 느낌에 맞춰 향을 추천+제작 ❤️ 감정맞춤 향수 → 오늘의 기분(설렘, 우울, 기대 등)을 골라서 향 추천+패키지에 감정 키워드 새김 ☀️ 계절별 기억 저장 → ‘여름바다’, ‘겨울벽난로’ 같은 계절 추억을 담은 맞춤형 향 제작 ️️️🎀 선물 포장 퍼스널라이징 → 포장지에 원하는 문구, 사진, 손편지 프린트해서 완전 맞춤화 ☕ 향기 커스터마이징 바 →..."
https://www.instagram.com/p/DTzt-URk5Ga/?img_index=1&igsh=MTFmb3c3bXNjbzlqMg==,🎩 콘텐츠,"바닐라, 향수, 겨울",겨울에 매력적인 바닐라 향수와 그 조합에 대해 소개합니다,"여름에는 모두가 기피하지만, 겨울에 뿌리면 너무나도 매력적인 향, 바닐라를 소개합니다. 🍦 바닐라는 그 자체로도 매력있지만, 함께하는 원료들에 따라 다양한 분위기를 연출해요. 우디, 앰버 등과 어우러지면 성숙하고 관능적인 분위기를, 머스크와는 담백하고 은은한 분위기를 낼 수 있죠. 한파에 매력이 더욱 극대화되는 바닐라, 어때요? 리퀴드 퍼퓸바가 대표적인 바닐라 향수 4종을 추천해요. 자세한 사항은 프로필 링크를 클릭하세요. 👈 *팔로우를 통해 리퀴드 퍼퓸바의 새로운 소식을 가장 먼저 만나보세요. 👀 *각종 문의사항은 댓글로 남겨주세요. ✉️"
https://www.instagram.com/p/DTcDx5ykxrC/?igsh=MXZiNTYyemV3bTU5dg==,🤳 제품군,"바디 미스트, MZ세대, 트렌드",전 세계적으로 인기 있는 바디 미스트,"전 세계에 불고 있는 바디 미스트 열풍을 이끌고 있는 브랜드와 제품을 소개합니다.💛 가볍게 뿌리기 좋고 데일리로 활용하기 쉬운 데다 가격 부담도 적어 MZ세대 사이에서 꾸준한 인기를 얻고 있는데요. 소프트 머스크, 코지한 바닐라, 시원한 프루티 플로럴 향 계열이 대표적인 바디 미스트 트렌드로 자리 잡고 있습니다. 지금 바로 슬라이드를 넘겨 전 세계적으로 사랑받는 바디 미스트 대표 제품을 확인해 보세요.☑️ 📸 각 사진 내 표시"
https://www.instagram.com/p/DPnwnf9jzAl/?igsh=MWJ6Z3hnNm1vY2o3ag==,🎩 콘텐츠,"장미 향, 뇌 건강, 스트레스 완화",장미 에센셜 오일 향이 뇌의 회색질 부피를 증가시키고 스트레스와 불안을 감소시켜 마음의 평온을 유도한다,"30일간의 장미 향, 뇌가 먼저 평온을 배웠다 최근 연구에 따르면, 30일 동안 옷에 장미 에센셜 오일을 묻혀 사용한 여성들은 MRI 검사에서 뇌의 회색질(Gray Matter) 부피가 증가하고, 스트레스와 불안이 유의하게 감소한 것으로 나타났습니다. 장미 향을 맡으면 향 분자가 감정과 기억을 담당하는 변연계로 전달되어 감정 조절과 안정에 관여하는 뇌 부위를 활성화합니다. 이 과정이 반복되면 신경 연결이 강화되고, 뇌 구조가 긍정적으로 변화합니다. 결과적으로 장미 향은 단순한 향이 아니라, 뇌의 평온을 유도하고 마음의 안정감을 높이는 자극이 될 수 있습니다. 🔗 PubMed (PMID: 38331299) #장미향효과 #뇌건강 #스트레스완화 #불안감소 #향기테라피"
https://www.instagram.com/reel/DOYQhx7CVqg/?igsh=MThjYnVvZ2xlMzJ1dg==,🤳 제품군,"룸스프레이, 디퓨져, 향기 추천",힐링 최애템 룸스프레이와 디퓨져,"나만의 공간, 나만의 향기! 내 방 힐링 최애템 룸스프레이/디퓨져 추천! 1. 스너글 - 허거블 코튼 ✅포근한 향이라서 좋아요! 2. 무신사 스탠다드 - 미스틱 우드 ✅편안해지는, 맡고 있으면 기분이 좋아요 3. 딥 디크 - 진저 ✅말그대로 진저 향! 집안의 향을 리프레쉬 시켜줘요 4. 러쉬 - 더티 ✅집에 들어갔을 때 힐링하기 좋은 향 5. 바디럽 압축 파우치 ✅부피는 반으로 공간은 두배로, 바디럽 압축 파우치 6. 아포테케 프라그란스 - 포세스 ✅나무향, 가죽향 그런 계열이에요 7. 그랑핸드 사쉐 ✅걸어두는 디퓨저 같은 타입이에요 8. 프리티 하드코어샵 - 오마카세 ✅달지 않고 자연에 가까운 향 - #ofs #ofsmag #ofsmagazine #룸스프레이 #디퓨져"
https://www.instagram.com/p/DVyTu9TCRCs/?igsh=MWx1cGE3bTlpZWM0bg==,💓 체험,,,"본품 사기 전 필독! 30만 원 아껴주는 향수 스타터 💸 니치 향수 가격이 부담스럽거나 실패가 두려운 향수 입문자라면, 미니 사이즈 & 디스커버리부터 시작해보세요! 📌 일부 브랜드는 컬렉션에 따라 가격이 상이할 수 있으며, 특정 제품은 미니 사이즈로 출시되지 않는 점 참고하시기 바랍니다."
https://www.instagram.com/p/DUpMhuCDyvP/?igsh=N2w0b2V2OHl3eTh3,🎩 콘텐츠,"로즈마리, 기억력, 1,8-시네올",로즈마리 향이 기억력과 집중력을 향상시키는 효과가 있다는 연구 결과가 보고됐다,"로즈마리 향 맡으면 기억력 최대 75% 향상시킨다 로즈마리 향을 흡입했을 때 기억 수행 능력이 유의미하게 개선될 수 있다는 연구 결과가 보고됐습니다. 영국 노섬브리아대학교 연구팀은 로즈마리 향이 있는 환경에서 과제를 수행한 참가자들이 그렇지 않은 그룹보다 기억력 테스트에서 더 높은 점수를 보였다고 밝혔습니다. 핵심은 로즈마리에 포함된 1,8-시네올(1,8-cineole) 성분입니다. 이 물질은 학습과 기억에 중요한 신경전달물질 아세틸콜린의 분해를 억제해 신경세포 간 신호 전달을 돕는 것으로 알려져 있습니다. 연구에서는 혈중 1,8-시네올 농도가 높을수록 회상 능력과 집중력이 더 좋게 나타났습니다. 또 다른 실험에서도 로즈마리 에센셜오일 향이 작업 기억과 주의 지속 시간에 긍정적 영향을 줄 수 있다는 결과가 제시됐습니다. 연구진은 로즈마리를 자연 유래 누트로픽(인지기능 보조 물질) 후보로 평가하지만, 개인 차가 크고 향기 요법만으로 치료를 대체할 수는 없다고 강조합니다. 📖 Moss M., Oliver L. Plasma 1,8-cineole correlates with cognitive performance following exposure to rosemary aroma. Therapeutic Advances in Psychopharmacology, 2012."
https://www.instagram.com/p/DK_GlRty_BE/?img_index=4&igsh=MXA0Zmk4NWd4eHVuag==,🎩 콘텐츠,"모기기피향수, 허브향, 여름향수",모기가 싫어하는 허브와 시트러스 향을 중심으로 한 여름용 모기 기피 향수를 소개합니다,"🦟모기가 이 향 싫어한대요 모기는 왜 꼭 나만 물까? 여름 향수, 이젠 향 좋은 걸로만 고르지 않아요. 모기가 싫어하는 허브향, 시트러스, 민트 노트 중심으로 향기롭게 방어하는 선택지들이 있거든요. 🌿 바질 _ 쌉싸름한 허브향 💜 라벤더 _ 곤충 쫓는 포근한 향 🌱 민트 _ 쏴하게 시원한 쿨링 향 🌲 유칼립투스 _ 숲속 같은 상쾌함 🌺 제라늄 _ 장미에 민트 한 방울 이건 단순한 취향의 문제가 아니야. 모기 헤이터에게 여름 향수는… 선택이 아닌 방어지. #모기기피향수 #여름향수 #허브향수 #니치향수추천 #ZIKOO #지쿠매거진 #향기루틴 #모기기피템 #여름향기 #여름추천향수 #이솝 #테싯 #조말론 #딥티크 #르라보 #프레데릭말"
https://www.instagram.com/p/DVaItVQk_Qr/?igsh=MWRjOGZ2bDBob3hiYg==,🤳 제품군,"향초, 푸드 비주얼, Candier",푸드 비주얼을 테마로 한 향초 브랜드 Candier,"🕯️ 푸드 비주얼 제품 레퍼런스 보내드립니다. 맛있어 보이는 향초 브랜드 Candier(@the_candier)를 소개합니다. Candier는 2020년 론칭한 향 브랜드로, 커피, 말차, 시리얼 등 다양한 음식 테마의 푸드 비주얼 향초를 전개하는 브랜드인데요. 이러한 브랜드 아이덴티티 덕분에 다양한 F&B 브랜드와의 협업도 꾸준히 선보이고 있습니다. 일찍이 특유의 핫걸 바이브를 내세운 향초 네이밍으로도 잘 알려져 있는데요. 국내에서도 음식이 아니지만 음식을 닮은 비주얼이 소비자로부터 좋은 반응을 얻는 만큼, 트렌디한 제품 기획 레퍼런스로 눈여겨봐도 좋겠습니다. 🙌 출처 | @the_candier"
https://www.instagram.com/p/DViXEVBEq4g/?img_index=3&igsh=NTFlaGl0eThudjE=,🤳 제품군,"향수, 차 향, 티블레스",티블레스의 차 향이 나는 신상 향수,"#광고 향수에서 차 향이 나요🍵 ୨୧참여 방법 ① @gift_recipe_ 계정 & @teabless_official 팔로우하고 본 게시물 좋아요 누르기 ② 댓글로 원하는 향 남기기! ୨୧당첨 상품(5명) 티블레스 신상 향수 (향 랜덤 증정) ୨୧참여 기간 2026년 3월 6일~3월 10일 ୨୧당첨자 발표 2026년 3월 11일 차 향 나는 바디로션으로 이미 품절 대란을 만들었던 티블레스, 그 향을 그대로 담은 차 향 향수가 출시됐다는 소식에 빠르게 레시피 낋여왔어요🍃 은은하게 퍼지는 티 노트에 잔향은 마치 따뜻한 차 한 잔처럼 오래 남는 향, 바디로션 먼저 바르고, 같은 향 향수까지 레이어링하면…ﾟ･｡♥｡･ﾟ 그날 하루는 그냥 차 향 나는 인간이 되어버리는 거죠! 은은하고 차분한 향 좋아하는 사람에게 📌일단 저장해 두고, 선물할 때 꺼내보세요! 🧷올리브영에서 바로 만나볼 수 있답니다ʚဝိူɞ <레시피 재료 출처> 🍽 〰 @teabless_official #선물추천 #기프트레시피"
https://www.instagram.com/reel/C-70b0pgj0g/?igsh=MWpjcjZ5aHJwYXg5ZA==,🎩 콘텐츠,"향수 리뷰, 메종마르지엘라, 레이지 선데이 모닝",메종마르지엘라 레이지 선데이 모닝 향수의 깨끗하고 편안한 향을 주관적으로 소개합니다,"아침햇살처럼 구수하지 않음!!☀️🛁 메종마르지엘라 - 레이지 선데이 모닝 35ml - 102,600원 후기(주관적) : '너한테 좋은 냄새나' '내 살냄새야' 에 살냄새를 맡고 있는 향 소개 드립니다 깨끗한 하얀 이불 위로 따뜻한 햇살이 비치는 느낌을 주는 향입니다 깨끗하고 편안한 느낌이며 너무 순백한 느낌이라 이런 향이 나는 사람은 착할 거 같다는 생각까지 들게 합니다. 향 자체가 편-안 해서 사계절 내내 남녀 누구나 뿌려도 좋을 향이고 바틀도 쌈뽕해서 향수 선물로도 좋아 보입니다! 단, 아무리 좋은 향도 호불호가 있을 수 있기에 시향은 필수입니다 Note Top : 알데하이드, 배, 은방울꽃 Middle : 아이리스, 로즈 앱솔루트, 오렌지 플라워 Last : 화이트머스크, 패츌리, 암브레트 시드 🚫 위 영상은 향을 표현하기 위해 제작 되었으며 실제 향수가 아니며 향수로 사용할 수 없습니다."
https://www.instagram.com/p/DUK1uWiktrw/?img_index=3&igsh=amprdW5uYTBhYTV6,🤳 제품군,"아비브, 향수, 이벤트",향기나는 액막이 명태,〔 오늘의 산타레시피 : 행운에 향기를 담았어요 ⁺˖ 〕 #이벤트 #제작지원 카카오톡 선물하기에서 무슨 선물 줘야 할 지 고민중이던 사람 주목 ͙ᐟ 오늘은 유니크하면서 매력적인 향은 물론이고 실용성과 디자인 모두 잡은 아비브의 선물 추천을 해 드리려 해요⋆꙳❅ 2월 단 한 달 동안만 카카오톡 선물하기에서 아비브의 향 주요 제품을 구매하시면 향기나는 액막이 명태를 기프트로 드린다고 합니다 ⋆˚ 평소 스킨케어 브랜드로 유명한 아비브만의 매력이 담긴 차분하면서도 고급스런 향들을 인테리어 효과와 함께 즐길 수 있다는 점이 큰 메리트인 것 같아요♡༣ 이벤트 대상인 아비브의 오 드 퍼퓸의 경우에는 향으로 정의하는 나만의 타입이라는 컨셉으로 매력적인 향의 데일리한 향수 아이템으로 선물하기에 정말 좋은 아이템인 것 같아요. 핸드크림 제품의 경우 손에 쏙 들어오는 크기에 갖고 싶은 유니크하고 미니멀한 무드의 제품이라 무조건 소장 각.. 산타레시피 팔로워 분들이 딱 좋아할 감성이라 댓글 이벤트를 요청드리게 되었답니다-🎅🏻🕊️ 아비브의 향수에 대한 기대평을 남긴 후 직접 체험해 보실 수 있기를⑉˖◛⁺˖ 🎅🏻산타레시피 X아비브 댓글 이벤트 OPEN✨ 📍이벤트 참여 방법 1️⃣ 산타레시피(@santa.recipe)와 아비브(@abib.fragrance) 계정 팔로우와...
https://www.instagram.com/reel/DT-SyDOExSG/?igsh=ejhmZmJtcjRsYTY3,🎩 콘텐츠,"향수, 니치 향수, 제조 공장",30살에 퇴사 후 향수 브랜드를 만들기 시작한 경험과 니치 향수에 대한 고민을 공유합니다,"30살에 퇴사하고 향수 브랜드 만들기💗 뭐할때 제일 살아있다고 느끼세요? 제 인생 도파민은, ‘향기’였습니다.✨ 공방 가서 향수 만들고, 백화점 가면 꼭 시향하고, 재료 사서 디퓨저, 비누, 향초까지 혼자 만들고 놀던 사람이었어요.🥰 제가 진짜 좋아하는 향을 누군가 “향 좋다. 무슨향이야?” 라고 말해주면, 그게 그렇게 행복하더라고요. 그런데 요즘 백화점 향수, 솔직히 너무 비싸잖아요. 반대로 저렴한 향수는 어딘가 가볍고 디퓨저 뿌린 느낌 같고요. 그래서 문득 이런 생각이 들었어요 “치킨 두 마리 값인데, 니치 향수처럼 분위기 장악하는 향이고, 패키지도 고급스러운 향수는 왜 없을까?” 그 질문 하나로 제조 공장들의 문을 두드리기 시작했습니다. 다음편에서 이어집니다. 팔로우하고 지켜봐주세요💕 감사합니다🥰"
https://www.instagram.com/reel/DUaxF4DEzZO/?igsh=cjFvZXNyd3llamhl,🎩 콘텐츠,"향수, 뿌리는법, 은은한향",향수 멀미를 방지하고 은은하게 향수를 뿌리는 방법을 소개합니다,"향수 멀미 심한사람? 출근길 향수 유발자 안 되는 법 남들이 좋다는 향수 뿌려도 내가 뿌리면 넘 독하고 어지럽고 머리아팠다면? 살냄새처럼 은은하게 향수 뿌리는법 알려드릴게요♥️ 보통 향수 뿌릴때 손목에 뿌리고 비비죠? 그러면 향수 분자 깨지고 냄새가 한 번에 튀고 변질돼 그럼 바로 향수 빌런 지름길😭 대신, 체온 변화 적은 팔 바깥쪽에 뿌려보세요 향이 천천히 퍼져서 멀미 안 나요🥰 추가로 무향 로션까지 먼저 바른상태라면 더 오래 갑니다 바람 불 때 폭닥하게 퍼지게 하고싶으면, 머리빗에 뿌리고 쓰담쓰담해주세요🤗 무릎이나 바지 밑단에 뿌려도 시간 지나면서 향이 은은하게 올라와요 원래 살냄새였던것처럼 은은하게 향수 뿌리고싶으시면 저장하고 따라해보세요♥️"
https://www.instagram.com/reel/DVQ5-dmE2xe/?igsh=c3lzYnV3YmY0MHA3,🎩 콘텐츠,"향수, 뿌리는 위치, 향 유지",향수를 뿌리면 안 되는 세 가지 부위와 올바른 사용법을 안내합니다,"향수 여기에 ‘절대’ 뿌리지 마세요 향수 뿌리면 안 되는 곳 3가지 생각보다 잘못 뿌리시는 분들이 많아요. ❌ 1. 머리 향 오래가라고 머리에 직접 분사하는데요. 알코올 때문에 두피 자극 생길 수 있어요. 정답 : 브러쉬 빗에 향수를 1~2번 뿌리고 머리카락 끝부분만 빗어주세요. 바람불 때 은은하게 향이 퍼져요. ❌ 2. 손목안쪽 손을 씻을 때 물이 닿기 쉽고 , 마찰이 많이 생겨서 향이 변질되기 좋은 위치에요 정답 : 손목 바깥쪽에 뿌려주세요 오래도록 변질없이 향을 즐길 수 있어요 ❌ 3. 옷에 바로 분사 밝은 옷에 뿌리면 변색이 될수도 있어요. 정답 : 은은하게 뿌리고싶을땐, 짙은 하의 무릎쪽에 뿌리면 향이 서서히 몸전체를 타고 올라와요. 팔로우하시면 향수 꿀팁 알려드릴게요!♥️ 댓글에 궁금한 부분 남겨주세요 🌸"
https://www.instagram.com/reel/DVaX9iKkq0o/?igsh=MTZ2c2Z0cXl3Z2ZvYQ==,🤳 제품군,"비누향, 헤어오일 향, 캡슐세제",향이 좋은 향수/헤어오일/캡슐세제,1.떼시스 화이트솝 향수 도ㅂ 비누향이랑 거의 흡사해요 만원이라 지속력 길진 않은데 막 쓰기 좋아요 2.센녹 헤어오일 솝클린솝 향 대박 ㅠ 헤어오일 향이 넘 조아서 향수도 샀는데 묘하게 헤어오일 향이 더 좋구용 잠자기 전에 발라주면 진짜 행복하게 잠들어요 진짜 향좋어요 3.바이에트 캡슐세제 📌 프로필 진행중 비누향 근본템 . 외국의 빨래방 향기가ㅠ 넘 좋구용 온 몸에서 향기 은은하게 나고싶으시면 이 캡슐세제 하나 써주세용 만약 향으로 기억에 남고싶다 ? + 건조기 시트까지 (제 최애애애템 너무 좋음 ) ‘비누’ 남겨주심 다 보내드릴게용
https://www.instagram.com/reel/DVVulSdkuAg/?igsh=MW96Nzc5aTh0bHo1,🤳 제품군,,바디워시 향기템,"🎀향기템에 수천만원 쓴 향친자의 바디워시 추천 best3 🌷 🥉불리 리켄 데코스 야생 이끼와 제라늄 향이 멋지다하는데 저에게는 엄청 고급진 풀 향이에요😊 🥈몰튼브라운 헤븐리 진저릴리 10년 넘게 엄청 인기 있는 백합향 바디워시예요☺️ 저도 신라호텔 가서 너무 좋아서 체크아웃때 1층 매장에서 사왔어요. 너무너무너무너무 좋아하는 제가 100통도 더 쓴 제품입니다☺️ 🥇딥디크 필로시코스 저는 이런 무화과 향은 처음 맡아봐요. 저는 사실 무화과 향이 너무 달달해서 안좋아했는데요. 이 무화과 향은 나무와 잎이 같이 섞여서 그런지 달달함 뿐만 아니라 이파리, 새싹의 향이 같이 느껴져서 좋았어요. 고급진 무화과를 경험 해보고 싶으신 분들께 추천드려요☺️"
https://www.instagram.com/p/DVVgTikoBaw/?img_index=3&igsh=MXRvZnAyNm44bTgyeQ==,👾 트렌드,,,"Z세대와 알파세대가 선택한 ‘리추얼’ ♨️ 디지털 네이티브는 여전히 SNS에 시간을, 뷰티에 돈을 쓰지만 빠른 트렌드가 아닌 다른 것을 찾고 있어요. 바로 마인드풀한 슬로우 루틴! 알고리즘이 팔지 못하는 일상과 감각이 핵심이에요. ✔ 더 간소화된 루틴 ✔ 계절 감각을 담은 제품 ✔ 서사가 있는 런칭 ✔ 신경계 안정과 연결된 뷰티 디지털에 지친 이들을 묶는 건 바이럴이나 최애 브랜드 대신 ‘습관 앵커’ 입니다⚓"
https://www.instagram.com/p/DU5iBOwCdSc/?img_index=5&igsh=YmR3M2oycmMyOTRn,🦵오프라인,,,"북촌으로 데이트 갈 사람👩🏻❤️👨🏻 요즘 뜨는 향수 성지, 북촌 향수 스토어 25곳을 소개합니다! 텅-장될 확률이 높으니 마음의 준비 단단히 하고 떠나세요🏃🏻♀️ ——————————————— 1. 르 라보 북촌 한옥 @lelabofragrances 2. 이솝 삼청 @aesop 3. 본투스탠드아웃 플래그십 삼청 @borntostandout.official 4. 다니엘트루스 퍼퓸하우스 삼청 @danielstruth_kr 5. 탬버린즈 삼청 플래그십스토어 @tamburinsofficial 6. 논픽션 삼청&기프트샵 @official.nonfiction 7. 그랑핸드 소격 / 북촌 / 가회 @granhand_official 8. 시스올로지 북촌 플래그십스토어 @sisology_official 9. 디어드라세나 북촌 @dracena_cosmetic 10. 헤트라스 안국 @hetras.official 11. 취 북촌플래그십스토어 @chwi.seoul 12. 메튜장 안국 @matthewchangperfumes 13. 노운 언노운 북촌 @nownunown 14. 리베르 (2/20 오픈 예정) @liber_seoul 15. 포인트투파이브세컨드 북촌 @025s.official 16. 코스믹맨션 북촌점 @cosmicmansion 17. 유쏘풀 삼청점 @youssoful 18. 빌라 에르바티움 @villaerbatium 19. 시낭 @sinang.scent 20. 한아조 안국점 @hanahzo 21. FXNG @fxng.official 22. 르네랩 @lenezlab [번외] 서촌 23. 르플랑에떼 서촌 플래그십 스토어 @lepleinete_official 24. 프라포투투 안테나 서촌 @fra422.official 25. 솔리튜드 서촌 @solitude.fragrances 📸네이버 지도 및 브랜드별 인스타그램"
https://www.instagram.com/p/DV-xQIskkgU/?img_index=7&igsh=MTIwamh5YXpzdnNvYw==,🎩 콘텐츠,,,"다음주에 런칭하는 브랜드는 어떻게 스포를 할까? (3/1 ~ 4/1) 올영세일과 다가오는 봄 시즌을 맞아 다양한 브랜드에서 신제품을 출시하고, 각기 다른 방식으로 스포를 이어갔습니다. 제품의 핵심 포인트를 먼저 드러내는 콘텐츠부터, 리뉴얼 변화를 보여주는 방식, 공식 유튜브를 통한 월별 신제품 스포까지 같은 변화를 두고도, 각기 다른 방식으로 풀어냈는데요 출시 전부터 궁금해지게 만드는 신상들, 이번에는 어떤 스포 방식이 가장 흥미로우셨나요? 브랜드들의 스포 전략을 콘텐츠에서 확인해보세요. 👀✨ ✨ 2주에 한 번, 비누와 함께 출시 전에 만나는 뷰티 신상 미리보기 → @benu_mag ____________________________ (🏷) #뷰티신상미리보기 #comingsoon #커밍순 (📸) 각 콘텐츠 별 브랜드 에디터ㅣ제니"
https://www.instagram.com/p/DV2x7t8E1H4/?igsh=d3V4cWkwZzBzaXht,🪄 브랜드/대표,"브랜드, 패키지 디자인, 노희영",노희영이 인정한 감다살 브랜드 노크 | 바디토너,"까다로운 고문님도 사용중인 그 브랜드 🧴💛 이런 감다살 브랜드 오랜만이라 바로 찾아봤잖아요 . . . 후기 보니까 패키지 디자인도 예뻐서 오브제로도 너무 예쁘더라구요 🫠 노희영도 인정한 노크(@knock_comma) 지금 바로 찾아보세요 ! 🍋 노희영 pick - 피스타치오, 제스티"
https://www.instagram.com/p/DVaItVQk_Qr/?igsh=anozejZidWt3amFp,🤳 제품군,"향초, 푸드 비주얼, Candier",푸드 비주얼을 테마로 한 향초 브랜드 Candier를 소개합니다,"🕯️ 푸드 비주얼 제품 레퍼런스 보내드립니다. 맛있어 보이는 향초 브랜드 Candier(@the_candier)를 소개합니다. Candier는 2020년 론칭한 향 브랜드로, 커피, 말차, 시리얼 등 다양한 음식 테마의 푸드 비주얼 향초를 전개하는 브랜드인데요. 이러한 브랜드 아이덴티티 덕분에 다양한 F&B 브랜드와의 협업도 꾸준히 선보이고 있습니다. 일찍이 특유의 핫걸 바이브를 내세운 향초 네이밍으로도 잘 알려져 있는데요. 국내에서도 음식이 아니지만 음식을 닮은 비주얼이 소비자로부터 좋은 반응을 얻는 만큼, 트렌디한 제품 기획 레퍼런스로 눈여겨봐도 좋겠습니다. 🙌 출처 | @the_candier"
https://www.kprinsighttree.co.kr/Tasty/?bmode=view&idx=169628432,👾 트렌드,"마케팅, 인사이트, 기업",KPR 인사이트 트리는 마케팅 실무자와 경영 책임자에게 필요한 마케팅 인사이트를 제공합니다,"KPR 인사이트 트리는 기업, 정부, 기관 등의 마케팅 실무자는 물론, 경영 관리·책임자들에게 꼭 필요한 마케팅 인사이트를"
https://www.businessresearchinsights.com/ko/market-reports/incense-market-117648,👾 트렌드,"향 시장, 동향, 시장 규모",향 시장은 2026년부터 2035년까지 연평균 6.1% 성장해 262억 7천만 달러에 이를 전망이다,"향 시장은 CAGR 6.1%로 2026년에 143억 3천만 달러, 2035년에는 262억 7천만 달러에 이를 것으로 예상됩니다."
https://www.gminsights.com/ko/industry-analysis/b2b-fragrance-product-market,👾 트렌드,"B2B 향수, 시장 규모, 성장 전망",글로벌 B2B 향수 제품 시장은 2025년 218억 달러에서 2035년 343억 달러로 성장할 전망이다,"2025년 글로벌 B2B 향수 제품 시장은 218억 달러로 추정됩니다. 글로벌 마켓 인사이트(GMI) Inc.가 최근 발표한 보고서에 따르면, 2026년 228억 달러에서 2035년 343억 달러로 성장할 것으로 전망되며, 연평균 성장률(CAGR)은 4.7%에 달할 것으로 예상됩니다."
https://www.k-trendynews.com/news/articleView.html?idxno=194439,👾 트렌드,"아로마 디퓨저, 초음파 진동 기술, 향기와 건강",스웨덴 브랜드가 초음파 진동 기술을 적용한 전자식 아로마 디퓨저로 향기와 건강을 결합한 신제품을 선보였다,"[KtN 임민정기자]스웨덴 스톡홀름의 디자인 브랜드 트랜스페어런트(Transparent)가 아로마 디퓨저 시장에 진입했다. 유리와 알루미늄으로 제작된 미니멀한 스피커로 알려진 브랜드가 음향 산업에서 후각 제품군으로 이동한 사례는 드물다. 이번 제품은 브랜드 정체성과 기술을 유지하면서, 향기와 건강이라는 새로운 영역을 결합한 시도로 평가된다.트랜스페어런트의 아로마 디퓨저는 초음파 진동 기술을 적용한 전자식 향 분사기다. 물과 향 오일을 진동으로 분해해 미세 입자로 확산시키는 방식으로, 불꽃이나 연소 과정을 거치지 않는다. 연기나 휘발"
https://www.careet.net/1863,👾 트렌드,"공감각 소비, 트렌드, 바이럴",요즘 소비자들이 기능보다 감각에 반응하는 공감각 소비 트렌드를 소개한다,트렌드를 읽는 가장 빠른 방법
https://www.careet.net/1820,👾 트렌드,"2026 시장 동향, 트렌드, 소비 분야",2026년 시장 동향과 소비 분야의 상승과 하락을 미리 살펴보는 방법을 소개합니다,트렌드를 읽는 가장 빠른 방법
https://stories.amorepacific.com/2025-%EC%9D%B8%EC%82%AC%EC%9D%B4%ED%8A%B8-%EB%9F%AD%EC%85%94%EB%A6%AC-%ED%96%A5%EC%88%98%EC%9D%98-%EB%AF%B8%EB%9E%98/,👾 트렌드,"럭셔리 향수, 웰빙, 지속가능한 성분","향수 업계는 건강과 웰빙, 지속가능한 성분을 강조하는 방향으로 성장하고 있다","점점 더 많은 소비자들이 변화를 가져다 주는 의식 있는 소비 생활을 하는 가운데, 향후 향수 업계에서는 신체적 건강과 정신적 웰빙, 지속가능한 성분에 힘을 실어주는 향을 선보일 것입니다. 향수 품목은 작년 대비 회복세에 접어들며, 뷰티 분야에서 최대 매출 수익을 기록했습니다. 오프라인 소매점이 영업을 재개했고, 2021년 소비자들이 구매한 향수 중 74%는 오프라인 매장에서 판매된 바 있습니다.실천 전략1. 뷰티와 웰빙의 조합을 확대하라건강에 도움이"
https://www.researchnester.com/kr/reports/perfume-market/6022,👾 트렌드,"향수 시장, 성장 보고서, 친환경 향수",글로벌 향수 시장은 2025년 574억 달러에서 2035년까지 연평균 5.5% 성장할 전망입니다,"글로벌 향수 시장 규모는 2025년에 574억 2천만 달러로 평가되었으며, 친환경 향수에 대한 수요 급증에 힘입어 2035년까지 연평균 5.5% 성장하여 980억 8천만 달러의 수익을 기록할 것으로 예상됩니다."
https://frarang.com/Fragrance_World/?bmode=view&idx=163951952,👾 트렌드,"댓글 알림, 게시물, 답글",최근 30년간 향수 트렌드 변화 리포트,내가 작성한 게시물이나 댓글에 다른 사람이 댓글이나 답글을 작성하면 알려줍니다.
https://www.threads.com/@mamannnature/post/C6DV0_6Pia0,향 🌌,"마망앤네이처, 식향, 정보",식향/개발,식향은 다양하게 접하지 못했는데 신기하다 좋은정보 알려줘서 고마워♥️
https://m.blog.naver.com/dokpyeong2/223754138296,조향사🧙‍♀️,"조향사, 향, 기억",조향사 김용진이 향에 담긴 이야기와 기억을 표현하는 경험을 소개합니다,"어떤 향을 맡는 순간 그 향에 얽힌 기억과 그때의 감정이 고스란히 떠오른 경험, 다들 한 번쯤 해 본 적 있..."
https://m.globalepic.co.kr/view.php?ud=2025031716430586179aeda69934_29,향 🌌,"조향 세미나, 구어망드 노트, 초코 어코드",대한조향연구협회가 2025년 상반기 조향 세미나를 성공적으로 마무리했다,대한조향연구협회(KPRA)는 2025년 상반기 조향 세미나를 3월 16일자로 성공적으로 마무리했다고 밝혔다. 이번 세미나는 지난 2월 진행된 '체리 어코드'에 이어 구어망드 노트 중에서 특히 어려운 주제로 손꼽히는 '초코 어코드'를 주제로 다루었다.이번 세미나는 식품 향료와 향장 향료를
https://www.instagram.com/p/DK7FVQJSmXz/?img_index=2&igsh=a2x0NjI5ejcwNHBq,🤳 제품군,"음식 향수, 치킨, 햄버거",음식 향수를 소개하며 어떤 향이 궁금한지 묻는 내용,"치킨, 햄버거,닭갈비… 음식들이 향수가 된다면?🍔 먹는게 아닌 많이 뿌려도 0칼로리인 재밌는 음식 향수들을 소개할게! 어떤 향이 제일 궁금하고 탐나는지 알려줘! 뿌리고 나면 배고파질지도...🤤"
https://www.instagram.com/reel/DV1B9saCVvp/?igsh=MWdzd2txcTllN3Z0NA==,🎩 콘텐츠,"향 브랜드 제작기, 문오피스, 릴스",문오피스 향 브랜드 제작 과정을 릴스로 공유하며 성장과 이벤트 소식을 전합니다,"[향 브랜드 제작기] EP1 “시작은 내 안에서” 드디어 과거가 아닌 현재 시점의 이야기가 되었네요. 앞으로는 문오피스 향 브랜드 제작기를 차근차근 릴스로 올릴 예정입니다. 브랜드는 현재 운영중이지만, 릴스는 탄생과정부터 현 시점까지의 이야기를 다루고 그 이후는 성장해나가는 모습을 담아보려고 합니다. 성장하고 싶습니다. 할 수 있겠죠? 아 현재 문오피스 계정은 리브랜딩 겸 향수 제품 추가를 위해 잠깐 표류중에 있습니다. (3월초부터 릴스 만드는데 빠져 버려서ㅎㅎ…) 앞으로 많은 도움과 관심 부탁드려요.😉 🎁이벤트 댓글로 ‘화이팅’이라고 남겨주시면 추첨을 통해 3분에게 현재 운영중인 브랜드 문오피스 바디세트를 보내드리려고 합니다🫶 @moonoffice.kr *1주일 간 진행하고, 추첨결과는 본 게시글 답글로 남겨놓고 DM 드리겠습니다 항상 제 영상 재밌게 봐주셔서 감사합니다!"
https://www.instagram.com/naehyangin_official?igsh=MXAzMHptczUydTJmZg==,🥊 경쟁사,"향수, 내향인, 향수 정보",향수 정보 플랫폼 [내향인],내향인 | 내가 원하는 향수 정보's (@naehyangin_official) profile on Instagram
https://www.instagram.com/reel/DV8fvLKk68P/?igsh=MTcydmZkOXhyeDNqeA==,🤳 제품군,"향기템, 가글, 건조기 시트",향기템 3가지,"완전 치크티 💘 내 가방 속 향기템 3가지 소개할게요~! 1. 리브러쉬 #내돈내산 와.. 🍑복숭아, 🍏사과맛 가글이요? 입냄새 나는 사람으로 기억되기 싫은데 맛 없는 가글 뿐이었다면 무조건 이거! 👨🏻⚕️🦷치과의사가 만든 브랜드 답게, 입냄새균 99.9% 제거하는데 달달 개운하게 맛있어요. 이건 애기들도 너무 좋아하겠는데요? 🍏🍑 2. 푸푸리 #내돈내산 💩🚽 볼일 볼때 이거 3-5번 미리 뿌려주면 냄새가 아예 막아져요 엇 저사람 쓴 곳엔 왜 향기가 나지? 💘 싶게 만들어줄거에요 사이즈도 휴대하기 딱 좋음! 3. 건조기 시트 이거 나만 알고싶은 외국 빨래방향 세제인데 이 향 더 진하게 맡고싶어서 건조기 시트 꼭 쓰거든요 봉투에 남아있는 잔향 파우치나 이불장에 넣어두면 완전 행복 그 자체💘 당근 거래하다가 향따 당한 분도 있을만큼 향이 진짜 포근하게 미쳤어요!! 🧺🩵"
https://www.instagram.com/reel/DUa0_FfkZeX/?igsh=d2R0ejBwZThrdWw=,조향사🧙‍♀️,"센트 어드바이저, 발렌타인데이, 향",scent advisors,"Meet our Scent Advisors across New York, Los Angeles, and Seoul, and discover their favorite scents along with their picks for Valentine’s Day🤍 What’s your favorite ELOREA fragrance? 뉴욕, 엘에이, 서울의 센트 어드바이저들이 뽑은 최애 향과 발렌타인데이 선물로 추천하는 로맨틱한 향. 당신의 선택은 무엇인가요?"
https://www.instagram.com/p/DV8g-ZUk1pn/?img_index=1&igsh=cW5zeWhtdzl6d2xu,🎩 콘텐츠,"향수, 향수추천, 니치향수",향덕들이 즐겨찾는 향수 관련 웹사이트 모음 소개,향덕들이 즐겨찾는 웹사이트 모음 _ #향수 #향수추천 #향수선물 #니치향수 #향수브랜드
https://www.instagram.com/p/DVsvvIRCRD2/?img_index=1&igsh=eDV1MXd3M2Vqc3Zm,👾 트렌드,"향수 박람회, 세계 일정, 티켓팅",세계 향수 박람회,"“성지순례 왔습니다” 향덕이라면 일단 저-장 💻 죽기 전에 한 번은 가봐야 할 세계 향수 박람회 5곳을 소개합니다. 26년 일정도 모두 공개되었으니, 서둘러 티켓팅 가시죠🎫 1. 에상스 @esxenceofficial (2026.06.03~06.06) 2. 피티 프라그란체 @pittifragranze (2026.09.11~09.13) 3. 코스모프로프 볼로냐 @cosmoprofworldwide (2026.03.26~03.29) 4. 뷰티월드 미들 이스트 @beautyworlddxb (2026.10.06~10.08) 5. 노츠 상하이 @notesshanghai (2026.04.02~04.05) 📸태그 된 계정"
https://www.instagram.com/smeller_news?igsh=MTF5c3VraXVqd250Yg==,👾 트렌드,"스멜러, 향수, 뉴스 매거진",스멜러는 향수 관련 뉴스와 정보를 큐레이션하는 인스타그램 계정입니다,스멜러 l 향수 l 뉴스 매거진 큐레이션's (@smeller_news) profile on Instagram
https://indiebeautyshow.com/visitor-guide,👾 트렌드,"서울 인디뷰티쇼, 관람안내, 참관객",인디뷰티쇼,서울 인디뷰티쇼 참관객 관람안내
https://survey-phinf.pstatic.net/MjAyNjAyMTlfMTY1/MDAxNzcxNDY3Mzk5NTk1.aDvy8pKWGjnJcb8ID1368SChem9l7kz7_JH453OfsVwg.COLUE9XBl6RGjAyHtc7dhSL2x7n_iKcxuquGCdgrOPkg.PNG/20260219111639574-444428-2e6f92ea.png?type=e1920&fbclid=PAVERTVgQo8N5leHRuA2FlbQIxMABzcnRjBmFwcF9pZA81NjcwNjczNDMzNTI0MjcAAaepyrf-ch4zN6PwBjUIaaCZGk7NBzNeU3JJ-TIhG55mtzIKFriEOmUxm1gL3w_aem_YvR6Hh-0r_EILlozKELxRg,향 🌌,,초퓸 Q&A,
https://survey-phinf.pstatic.net/MjAyNjAyMDlfNTgg/MDAxNzcwNjIyNDI4Mjcy.8oqJRWrjjZJXCicn7os7eNdUf2LyylovNc7-P8qxfBUg.0b-anHjf56b_Hw5tp2DRDQs6NZeZql6uc3DOTIUDVO4g.PNG/20260209163348243-1129063-ef22687d.png?type=e1920&fbclid=PAVERTVgQo8LhleHRuA2FlbQIxMABzcnRjBmFwcF9pZA81NjcwNjczNDMzNTI0MjcAAafDuxCc0alB-yE1V6by-ySlG8BfxN7CTZYYCYRJ7VmbP7OmcRKMMTbVZLFhPw_aem_YwN19mLJL5DiWdhU73joHw,향 🌌,,who is 초퓸,
https://survey-phinf.pstatic.net/MjAyNjAyMjNfNzMg/MDAxNzcxODQ5Nzk2ODMy.Ox6f1ZbJfwUnvtohlETSU0beYTjX29IYv63GWenPklwg.z5aZC10LBY5oR0-hRJNFwT16GclSAYGmrrgUbsX7Kzgg.PNG/20260223212956808-871534-3388697a.png?type=e1920&fbclid=PAVERTVgQo8G5leHRuA2FlbQIxMABzcnRjBmFwcF9pZA81NjcwNjczNDMzNTI0MjcAAadevGUqEs869VNu8seQ9uY0MS7-VAYIiTyqDozwM3w7xsISKBk7cxqpvFTuLQ_aem_ho9eKszBk8X1wvLdUEliAw,ℹ️ 정보,,향 소셜링에서 얻어갈수있는 것,
https://survey-phinf.pstatic.net/MjAyNjAyMTlfNTUg/MDAxNzcxNDY3MzcyNTkz.lGqGm4UcvLcxtS6_h4if4bUolgdBmCtutf6yH-VB7sQg.Talzr6TakUUyg_SBUqnA85UNCPyrcRIrWfnKJ-nRVT4g.PNG/20260219111612521-2643703-fa597cda.png?type=e1920&fbclid=PAVERTVgQo8EdleHRuA2FlbQIxMABzcnRjBmFwcF9pZA81NjcwNjczNDMzNTI0MjcAAafzLIwElXZMlXiiz-YEn1aa_VOd_9Mf0O0zGtdb9BpCcd7J6eM8--vTn4uP4Q_aem_v-2xcgwcnweKIbKDRBlFXQ,ℹ️ 정보,,소셜링 진행방식 안내,
https://form.naver.com/response/xTpVRYmr7j2SGnCCcXU22Q?fbclid=PAVERTVgQo78tleHRuA2FlbQIxMABzcnRjBmFwcF9pZA81NjcwNjczNDMzNTI0MjcAAacZaR42hvW9qsPvdmI45AgoGwZnn6apVcyZ6QoABagEi4iphNzLShV3tZU4wA_aem_Zq_3Z5HfjcRxPRPj4rZvWA,향 🌌,"이미지 향수, 소셜링, 네이버 폼",초퓸의 이미지 향수 소셜링 신청을 위한 네이버 폼 설문 참여 안내입니다,네이버 폼 설문에 바로 참여해 보세요.
https://www.threads.com/@choice__perfume/post/DUAtUPPiW_p?xmt=AQF0O6zYmnpXXMF32j8Vwm5vjaew6J6Kr6Ta3S4OLVb3RO1f5lsk43QC4vWGS6jya397Y7s&slof=1,조향사🧙‍♀️,"조향사, 향수, 향료",프리랜서 조향사가 자신의 경력과 향 관련 활동을 소개하며 소통을 제안한다,"스레드 시작하고 시간이 꽤 흘렀네. 오랜만에 지금의 나를 한 번 정리해보려고 해🙂 👩🏻🔬 나는 프리랜서 조향사야. 향을 만들고, 향으로 사람들과 연결되는 일을 하고 있어. 🌿 예전에 국내 향수 브랜드에서 일했고, 외국계 향료회사(3대 향료 회사 중 한 곳)에서도 근무했어. 🌿 지금은 조향사로서 여러 프로젝트에 참여하며 브랜드 협업, 향 관련 행사와 이벤트에도 함께하고 있어. 🌿 향·향료·향수를 주제로 한 모임을 벌써 4년째 이어오고 있고, 그동안 거의 3,000명 넘는 분들을 만났어. 🌿 니치향수 편집샵에서도 일하면서 향 관련 전시, 스터디, 조향사들과의 소소한 프로젝트도 계속 만들어가는 중이야. 향으로 할 수 있는 일을 이것저것 해보면서 범위를 조금씩 넓혀가고 있는 중이야. 혹시 향에 대해서 궁금한 점 있어? 향수, 향료, 조향, 혹은 그냥 향과 관련된 아무 이야기라도 좋아🙂 편하게 남겨줘. 자주 소통하면서 지내자🤍"
https://www.threads.com/@shindavid/post/DUnH2MAke6f?xmt=AQF0DYvDmTS4zmssk21h0UB9cy6bXe9nns5EPZmcabCY5w-ErBoEP__0pu3zEAAVKV-svrM&slof=1,💓 체험,"향수, 봄 향수, 디어 멜로우",5ml 이벤트,"솔직히 말하면, 마케팅 잘 못합니다. 대신 향수는 제대로 만들었어요. 그래서 무식하게 갑니다. 더퍼퓸 신상 봄 향수 ‘디어 멜로우’ 5ml 990원. 봄이 과일로 태어났다면 아마 이런 향일 거예요. 댓글에 “봄봄” 남기면 링크 보내드릴게요! 🌸"
https://www.threads.com/@youdongs_/post/DHqMzJIvPez?xmt=AQF0i4Nrx6OpHabIrhxQfZ0sxn-ZF07JYouJDdZQQauYJ-55NbGuFXSx2oelVPZ-hGrP4wyU&slof=1,🤳 제품군,"엘보라리오, 향수, 이탈리아",이탈리아 브랜드 엘보라리오 향수가 천연 유기농 원료로 향이 좋아 추천한다,"스친이들아, ‘엘보라리오’라는 브랜드 알아? 여기가 진짜 향수 맛집이야…!! 이탈리아 브랜드인데 모든 향이 다 너무 좋아ㅠㅠ 예전에 이탈리아 여행 갔다가 아이리스 향수를 사면서 입덕했는데, 이번에 언니가 다른 향으로 또 사다 줬거든? 근데 이 향도 너무 좋더라ㅋㅋㅋㅋ 진짜 뿌릴 때마다 남자들이 “이거 무슨 향이야?” 하고 꼭 물어봐! 이탈리아 가는 사람들 꼭 쟁여야 해ㅠㅠ 가격도 많이 안 비쌌고, 천연 화장품이라 유기농 원료라서 더 좋아🫶"
https://danimackenzie.co.kr/product/%EC%98%A4%EC%9D%BC-%ED%8D%BC%ED%93%B8-%EC%8B%9C%ED%96%A5%EC%A7%80-%ED%82%A4%ED%8A%B8/2425/category/45/display/1/?utm_source=meta&utm_medium=dispaly&utm_campaign=(%EC%A0%84%ED%99%98)%20%EC%8B%A0%EA%B7%9C_%EC%8B%9C%ED%96%A5%EC%A7%80&utm_content=img_%EC%8B%9C%ED%96%A5%EC%A7%8011_free&utm_id=120233686837630034_v2_s04&utm_term=120233686837630034&fbclid=PAdGRzdgQo7cNleHRuA2FlbQEwAGFkaWQBqzAI5r7d0nNydGMGYXBwX2lkDzU2NzA2NzM0MzM1MjQyNwABp7RrPeE1fLQDbcpX1i1M61T26TXnzE8jJzdRNsTYzWKxIOmOot5mT5yccUXJ_aem_sYIjjNVewnCyRa-xuZQsEQ,💓 체험,"대니멕켄지, 밤쉘, 전통 향유",시향지 키트,"밤쉘, 미국 전통 향유로 순수한 자연을 표현하고 담은 대니멕켄지"
https://www.instagram.com/p/DVfw3acE3qO/?igsh=eDhjOHIxd2syY2ht,🎩 콘텐츠,"향수 이름, 니치 향수, 핵심 원료",낯선 향수 이름에 숨겨진 원료와 향기의 특징을 소개하며 니치 향수의 매력을 탐험하도록 안내합니다,"가끔은 암호처럼 느껴지는 낯선 향수 이름들🔐 어떤 향인지 짐작조차 가지 않아 남몰래 검색창을 켜본 적 있다면, 저장! 병에 새겨진 낯선 프랑스어 이름들 속에는 그 향기가 품은 핵심 원료부터 시각적인 색채, 그리고 향기가 가장 아름답게 피어나는 시간까지 수많은 힌트가 숨겨져 있습니다 🔍 아는 만큼 더 깊어지고 매력적인 니치 향수의 세계를 탐험해 보세요 🇫🇷 자세한 제품 정보는 프로필 링크를 클릭해 보세요. 👈 *팔로우를 통해 리퀴드 퍼퓸바의 새로운 소식을 가장 먼저 만나보세요. 👀 *각종 문의사항은 댓글로 남겨주세요. ✉️"
https://www.instagram.com/liquidesseoul?igsh=OTIyMjJ1MjgyaGN2,👾 트렌드,"리퀴드 퍼퓸바, Instagram, 프로필",니치향수 편집샵 계정,리퀴드 퍼퓸바's (@liquidesseoul) profile on Instagram
https://www.instagram.com/p/DVyTu9TCRCs/?img_index=3&igsh=c2Vscnl6eXRrMHQ2,💓 체험,"향수, 니치 향수, 미니 사이즈",미니향수,"본품 사기 전 필독! 30만 원 아껴주는 향수 스타터 💸 니치 향수 가격이 부담스럽거나 실패가 두려운 향수 입문자라면, 미니 사이즈 & 디스커버리부터 시작해보세요! 📌 일부 브랜드는 컬렉션에 따라 가격이 상이할 수 있으며, 특정 제품은 미니 사이즈로 출시되지 않는 점 참고하시기 바랍니다."
https://www.instagram.com/p/DVkkiLJkq5o/?img_index=1&igsh=b3lsMTQwOXdlbzR3,🤳 제품군,"향기템, 개인적인 취향, 제품 구매",아린이 개인 취향을 담은 향기템을 소개하며 제품 구매 방법을 안내함,Arin's Picks 향기템 🛁🧼🧴🫧 개인적인 취향을 담은 향기템.zip !!! 모든 제품 구매는 ➡️제품명을 네이버에 검색 !!!! 혹은 태그 계정 참고 ✨ 설명 시 사용한 폰트는 ➡️ 그리운 꾸꾸체
https://www.instagram.com/p/DWA5jEUjg8U/?img_index=2&igsh=MjMwZDE2dDdnZWxz,🎩 콘텐츠,"향수 브랜드, 특징, 조말론",인기 향수 브랜드 8개의 고유한 특징을 정리한 내용입니다,"향수 브랜드별 특징 8개 🫧 이제 막 향수에 관심을 가지셨거나, 원하는 느낌의 향수를 찾지 못하신 분들 ‼️ 이거 한번 확인해 보세요 🙂 조말론,르라보,딥티크,바이레도,크리드, 메종 마르지엘라,퍼퓸드말리,메종 프란시스 커정 인기 향수 브랜드의 고유한 특징을 전부 정리해 봤습니다 📬"
https://www.instagram.com/p/DU95hGvEsQq/?igsh=aXk0bGp4YXRvanAw,🎩 콘텐츠,"입문용 향수, 향수 추천, 향별 정리",입문용으로 적합한 24가지 향수를 향별로 정리해 소개합니다,"입문용 향수 24개 🫧 너무 비싸지 않으면서, 호불호 많이 갈리지 않는 향수 ‼️ 딱 24개만 모아봤습니다 📚 우디향,비누향,시원한향,달달한향 등 향별로 전부 정리해 놨으니, 두고두고 활용해 보세요 🐋"
https://www.instagram.com/reel/DUie5gSiWm_/?igsh=YnFob3J3Nmp2NGM3,ℹ️ 정보,"프레데릭 말, 조향사, 향수",향에 대한 감을 키우는 방법,"국내외로 독보적인 팬덤을 자랑하는 퍼퓸 하우스, 에디션 드 퍼퓸 프레데릭 말(@fredericmalle). 창립자 프레데릭 말은 조향사를 단순한 기술자가 아닌 ‘예술가’로 대우하는 것으로 유명한데요. 예산도, 마감 기한도 없이 창의성과 상상력에만 맡긴 자율권 덕분에 ’포트레이트 오브 어 레이디‘, ’뮤스크 라바줴‘ 같은 걸작들을 만날 수 있었습니다🌹 비록 2024년, 프레데릭 말이 브랜드와의 작별을 선언하며 많은 이들의 아쉬움을 자아냈지만, 그가 남긴 후각적 유산은 여전히 우리 곁에 남아 있죠. 시대의 안목을 가진 프레데릭 말이 전하는 ‘향에 대한 감각을 키우는 방법’을 소개합니다. 🎥영상 출처 : @scentbird 유튜브 채널"
https://naver.me/xR23nnpL,🦵오프라인,"네이버지도, 저장",스니프-네이버 북마크 모음(향수스토어),
https://www.instagram.com/sniff_news?igsh=MWVqN2d2dWY4NzFreQ==,👾 트렌드,"향수, 감각적인, 뉴스",향스 큐레이션 계정,sniff 스니프 l 감각적인 향수 뉴스👃🏻's (@sniff_news) profile on Instagram
https://www.instagram.com/p/DV8X8iUks5f/?img_index=1&igsh=bXczYzRjcXd1OG5m,🎩 콘텐츠,"향기템, 향수, 아로마 오일",에디터가 모은 다양한 향수와 향기 제품을 소개하며 직접 시향을 권장합니다,"[ 오늘의 아이템 : 에디터의 향기템을 털어보자 ] 그동안 하나씩 모아온 향수부터 핸드크림, 아로마 오일, 그리고 바디 제품들까지. 에디터의 향기템을 탈탈 털어봤어요.•°. *࿐ ✎°₊· 향기는 지극히 주관적인 영역이라, 같은 향이라도 컨디션이나 공간에 따라 다르게 느껴질 수 있어요. 가벼운 참고용으로만 봐주시고, 꼭 직접 시향을 해보시는 걸 추천드립니다!💌 다채로운 삶을 위한 취향 탐색 큐레이션 매거진 @wis.magazine"
https://www.tosspayments.com/blog/articles/41963,🎩 콘텐츠,"스몰 브랜드, 성장기, 향",세인트나이트클럽이 2년 만에 매출과 회원 수를 크게 늘리며 고유의 향과 스토리를 완성한 성장기를 소개합니다,실패를 두려워하지 않고 달린 1년 7개월. 세인트나이트클럽이 론칭 2년 만에 매출 6배·회원 3배 성장하며 고유의 향과 스토리를 완성한 비결은?
https://www.instagram.com/reel/DHBSmr6JZZe/?igsh=MWZ6cWFoNnc0YjV1Zg==,🥊 경쟁사,,,"무료로 AI가 추천하는 나만의 향수 만들어 볼 수 있는 곳 (제작비지원) 개인별 이미지 분석해서 어울리는 향을 맞춤 추출해서 향수로 만들어주는 곳인데, 만들어진 향 맡아보니까 ㄹㅇ 내 이미지랑 찰떡인 느낌이라 넘 신기했음ㅋㅋㅋ 🖥️ AI가 내 이미지 감성 분석해서 추천해주는 나만의 향 ▫️QR 스캔하고 내 사진이랑 성별•키워드 입력하기만 하면 AI가 파인튜닝으로 내 사진 보고 감성 분석한담에 나랑 잘 어울릴 것 같은 향을 보고서로 작성해서 주는데, 실제로 맡아보니까 진짜 내 이미지랑 잘어울려서 신기하고 더 좋았음! 🧴내 맘에 쏙 드는 향이 될 때까지, 향 A/S 서비스 ▫️여기가 더 좋았던 건 AI 추천 향에서 내 맘에 쏙 드는 향이 될 때까지 향 A/S까지 해줘서 진심 내가 좋아하는 나만의 향수로 만들 수 있게 해주시더라구요! (얼마나 사용했는지는 상관없이 처음 받았던 용량 그대로, 원하는 향이 될 때까지 100% 무료 A/S 해주신다고 하니까 꼭 한번 해보는 거 추천!) 📍악센트 아이디 플래그십 스토어 서울 마포구 와우산로 29라길 22 B1 ⏰ 12:00~20:00 💝 놓치면 손해인 오픈 이벤트 🗓️ 기간 : 3/9(일)~3/16(일)..."
https://www.instagram.com/p/DPq63Ztic_M/?igsh=MWhvOTM5NGtkc3podw==,👾 트렌드,"향수, 레이어링, 가이드",향수 레이어링,"향수에도 궁합이 있다? 👩🏻❤️👨🏻 그동안 요청이 쏟아졌던 향수 레.이.어.링 가이드, 드디어 정리해 왔습니다! 남들 다 쓰는 향은 싫고, 가지고 있는 향은 질렸다면—지금 당장 향수장 열고 쉐-이킷 해보세요👩🏻🔬🧪 * 본 컨텐츠는 마이클 에드워즈의 공식 홈페이지(fragrancesoftheworld.com) 및 관련 가이드를 참고하여 제작되었습니다."
https://www.instagram.com/boss.jini?igsh=MWVldWMxN3pkdGNyNg==,🪄 브랜드/대표,"지니, 피아렛, 향수",지니 | 피아렛 향수 브랜드의 대표,지니 | 피아렛 대표 · 향수's (@boss.jini) profile on Instagram
https://www.threads.com/@shindavid/post/DSb0aMrkUue?xmt=AQF0EK9eEl06Fb4mn2RplzhuluK3a7lUCaErH3GMrZnMn0I664gh3Hee1w0FiIHF_i5cK8w&slof=1,🤳 제품군,"비누 향수 컬렉션, 와디즈, 뷰티 프로젝트",비누향,"기쁜 소식 하나 전해도 될까? 우리 비누 향수 컬렉션이 2025년 와디즈에서 가장 사랑받은 뷰티 프로젝트와 메이커로 선정됐어! 작년에 이어 올해까지... '2년 연속' 수상이야 단순히 상을 받아서가 아니라, 향수에 대한 진심이 2년째 통했다는 게 너무 벅차고 행복하다. 축하 댓글 하나씩만 달아줄꺼지? 👉👈"
https://www.wadiz.kr/web/store/detail/104,💰 펀딩,펀ㄷ,,A Korea-based crowdfunding platform connecting global supporters with innovative products from the world’s most visionary creators.
https://www.threads.com/@smeller_news/post/DH5gqOcSCrz?xmt=AQF0JXCCy2C9g0xar-PVFbFT8cSUFRtzmo2WEIRSGuoDXqRQsQfHc3cVhCZ4OOXt38dh3bjg&slof=1,🎩 콘텐츠,"향수, 비슷한 향수, 조향사",향수는 완전히 똑같은 향이 없으며 비슷한 분위기와 인상을 공유할 수 있다,"세상에 완전히 똑같은 향수는 없어! 🧴 향수 좋아하는 사람이라면 한 번쯤 해봤을 질문 “이 향이랑 비슷한 거 뭐야?” 근데 말이지— 완전히 똑같은 향수는 세상에 없어! 조향사가 다르고, 노트 배치도 다르고, 내 피부에 올랐을 때 느낌은 더더욱 달라지거든. 그치만 비슷한 분위기, 결, 인상은 공유될 수 있어. 스멜러가 말하는 ‘비슷한 향수’는 바로 그거야! 🌬️ 향은 주관적인 거라 “전혀 안 비슷한데요?” 하는 의견도 완전 OK! 오히려 그런 다양함이 향수의 매력이지! 혹시 너만 알고 있는 비슷한 향수 조합이 있다면 댓글로 같이 공유해줘! - #향수 #니치향수 #향수추천 #니치향수추천 #향수추천그램 #지브리 #스멜러"
https://www.threads.com/@assi_bangagan/post/DVIvF4oD2Aa?xmt=AQF0I5lW4R25B1btFkaW_4jfoNQcSIr--Jc3wrjn4vK_jl6_HkhAVsDQ7v97zIxalTIW8XI&slof=1,🤳 제품군,"라즈베리, 바닐라, 홈 디퓨저",디퓨저/룸스프레이,아씨방앗간 베스트셀러 𝐑𝐚𝐬𝐩𝐛𝐞𝐫𝐫𝐲&𝐕𝐚𝐧𝐢𝐥𝐥𝐚 향은 홈 디퓨저와 룸스프레이로 만날 수 있습니다. 잘 익은 적포도와 라즈베리로 만든 우아한 레드 와인이 넘실거리는 공간으로 고급스러운 무드를 더하세요 🍷🖤 𝘸𝘸𝘸.𝘢𝘴𝘴𝘪𝘮𝘪𝘭𝘭.𝘤𝘰𝘮
https://www.threads.com/@loricakorea/post/DWBYmzAkWC3?xmt=AQF0xV6gSB7DWq7cvzchSm-uSJUUx6vMPmtuQGw6nL0gYPUYgstnsnmdrRWpgxxS3EDsDlc&slof=1,🎩 콘텐츠,"시트러스 노트, 샌달우드, 향수 컬렉션",로리카의 첫 컬렉션 'WARRIOR'는 시트러스와 샌달우드 향으로 두려움을 떨치고 나아가는 결심을 표현했다,"LORICA 1st Collection 'WARRIOR' Citrus of Awakening ""두려움을 떨치고 문을 나서는 결심"" 우리는 자신의 길을 꿋꿋이 걸어가는 당신을 이 시대의 진정한 '전사'라고 믿습니다. 인생이라는 전장으로 나서기 전, 두려움을 떨치고 자리에서 일어나는 그 찰나의 감정을 시트러스 노트를 통해 담아냈습니다. 그 결심의 끝을 깊이 있는 샌달우드의 잔향으로 전하고자 합니다. TOP ㅣ 버가못, 그레이프프룻츠, 레몬 MIDDLE ㅣ 알데하이드, 로즈마리, 마린 BASE ㅣ 샌달우드, 베티버, 패츌리"
https://www.threads.com/@daien.official/post/DVukj-fk97s?xmt=AQF086UzYG3egdqfP6E0Ri2eMv21U0loRpScTSfkaEp2KnyLMRxZRgR-iLdT21E__Jw67WoN&slof=1,🪄 브랜드/대표,"향수, 부아드피그, 에미레아",화이트데이 맞이 향수 추천,갑자기 문의랑 주문이 쏟아졌는데 다 해냈다…. 곧 3월 14일 화이트데이니까 13일까지 받을려면 오늘이나 내일까지 주문해야해🫶 어쩌다 내가 매출관리까지 해버려따… 여러분 너무 감사 🫶🫶 —————————————————— 다들 누 에베이유만 주문하는데.. 난 개인적으로 무화과우디향인 부아드피그 추천 남자가 수트입고 부아드피그 뿌리면 굉장히 젠틀한게 느껴져ㅎㅅ 곧 오는 시기인 봄에 어울리는 향수는 에미레아 추천! 발랄한 예쁜 꽃샴푸향이랄까? 꽃밭에 있는 느낌? 완전 에겐스러운 향수😻 어차피 누 에베이유 뿌리다보면 궁금해질거야 ㅎㅣ히😎 #다이엔 #향수 #향수추천 #남녀공용향수
https://www.threads.com/@hypnoteased.world/post/DVyqVISj60S?xmt=AQF009mGi4Jy_P4sbQkmd48-XeSq2Z8GyCjGzzGxfSqqSU8ieX1_pqcsyZUqFguVQLzGNFKA&slof=1,🪄 브랜드/대표,"향수만들기, 향수브랜드, 향기",향수 만들기를 시작한 지 두 달 된 경험과 향수 브랜드에 대한 설렘,난 향수만들기 시작한지 두 달 됐고 제품이 나온지는 한 달 됐거든? 원래도 향 좋아했고 시작한지 얼마안되긴 했지만 하면 할수록 향기가 더 좋아지고 더더 빠져들고 있어!! 작년까지만 해도 내가 향수브랜드를 만들리라곤 상상도 안해봤는데 참 인생 신기해 ㅋㅋㅋ 내꺼 하면서 더욱 많은 향수브랜드들을 알게되고 난정말 신생아구나! 느끼면서도 너무설레고 재밌어 스친이들도 무슨일하는지 소개해줘!! 리포해줄게☘️💗 스하리=반하리는 자동!! 뒷삭몰라😎
https://www.threads.com/@next_wellness.official/post/DUqS41JErSL?xmt=AQF0eFIhi5LM0rUxM4hL_gquzJ5MBcWGoz18FJK5BkjGVAzi7k8HWB-PPUsotcJkwj-N37aT&slof=1,⚠️ MOQ/제조,"향 개발, 조향사, 향료회사",향료회사 vs 조향사 | 아로마 에센셜 오일을 베이스로 한 향 개발 방법,향 개발 예정인데 대형 향료 회사 vs 조향사 통하고 향료회사 중 어떤 방법을 추천해? 아로마에센셜 오일을 베이스로한 다양한 향들을 개발 예정이야!
https://www.threads.com/@catchmoments_official/post/DVkMuDSEhOX?xmt=AQF0VDUzu4WXPXCpMoQP7XY3o9xHjouviHuIxaz_sxzk-TWPZfTSjQkIhx-LS1V1Sy4cVYpM&slof=1,🎩 콘텐츠,"바디워시, 향기템, 샤워 루틴",바디워시의 향 지속력과 기능성 중심으로 샤워 루틴과 피부 고민 해결 콘텐츠,"“샤워도 루틴 관리” 바디워시, 기능 + 향 중심 콘텐츠 확산 1️⃣ ‘향기템’ 중심 추천 콘텐츠 강세 단순 세정보다 향 지속력·향수 대용 바디워시를 강조하는 콘텐츠가 많아요 “향기템 추천”, “샤워 후 호텔 향 난다” 같은 향 중심 리뷰 콘텐츠가 높은 반응을 얻고 있어요 2️⃣ 피부 고민 해결형 바디케어 콘텐츠 증가 등드름, 각질, 건조함 등 바디 피부 고민 해결용 바디워시 소개가 늘고 있어요 특히 등드름 케어·각질 케어 바디워시 같은 기능성 메시지가 설득 포인트예요 3️⃣ ‘샤워 루틴’ 콘텐츠 확산 제품 단독 리뷰보다 샤워 루틴(바디워시 → 스크럽 → 바디로션)처럼 전체 바디케어 루틴을 보여주는 콘텐츠가 증가하고 있어요 “샤워 루틴 공개”, “목욕 꿀템” 포맷이 자주 등장해요"
https://www.threads.com/@lunelune.kr/post/DMNMLf4PX4_?xmt=AQF0ENPwo669vbNCt6KuOfs6qhQBh7ag4ICHZm0b-89IDhApBoTj0w_98h300dWlm-Q2Dwk&slof=1,🪄 브랜드/대표,"향수 브랜드, 조향 공부, 재고 판매",폐업정리? | 6년간 운영한 향수 브랜드를 재고 소진 후 운영 중단하며 직접 만든 향수를 할인 판매,"2019년부터 지금까지 6년 동안 운영해왔던 향수 브랜드를 남은 재고만 다 팔고 운영 중단하기로 했어 내가 향수를 진짜 너무 좋아해서 직접 만들어서 판매해 보는 게 꿈이었거든 그래서 조향 공부를 시작하게 됐고 제품 패키지 사이트 모두 직접 만들어서 유니크한 향기를 합리적인 가격에 경험할 수 있는 투르드센트라는 향수 브랜드를 만들게 됐어 연매출 3억까지도 판매될 만큼 인기도 좋고, 고객님들의 만족도도 높았는데 향수는 공장에 늘 10,000개 이상 대량 주문을 해야 돼서 늘 생산과 재고가 뼈아픈 부담이었고 우리가 다른 아이템도 함께 판매하고 있어서 상황이 조금 어려워졌어 남은 제품들도 이제 유통기한이 3개월 정도 밖에 안남아서 진짜 눈 딱 감고 원가보다 싸게 판매해보려 해 80% 할인에 무료배송으로 멀티퍼퓸은 2개에 7,900원이고 오드퍼퓸은 2개에 12,500원이야 향 하나는 진짜 좋다고 자부하는데 혹시 향수 좋아하면 한번씩 구경해주라! 댓글에 링크 남길게🫶🏻"
https://www.threads.com/@viora.kr/post/DMAJ3ojSgvH?xmt=AQF0b2er6sGXaPQ4DnJHBwQEwdkhxtriA8_DmaH0RtZPhjAysMuNtVFCab3fPpKm6YMdC7bT&slof=1,🤳 제품군,"핸드세럼, 비건 포뮬러, 귀여워",핸드세럼,이거 뭔줄 알아? 핸드세럼이야.. 작은데 귀여워서 인기많아.. 근데 작긴해..근데 후기 좋고 촉촉해..근데 아직 많이 몰라.. 근데 귀여워 심지어 비건 포뮬러야🌱
https://www.threads.com/@byhyang.official/post/DUsGCYGE0Sb?xmt=AQF0Zf-qbuauYKtik6Vc4UofSean_bf6LfrLAd12OVcakVlvHu_dVzha1iwDggW0sT7rtA8&slof=1,🪄 브랜드/대표,"디퓨저, 향 라인업, 누센",디퓨저 소브랜드 누센,"우리 회사 이번에 디퓨저 소브랜드 나오는데 이름은 누센 (Nusén) 자연스럽게 스며드는 향 이런 뜻이야! 기존 자사 제품이 향 퀄리티는 좋은데 향 구성이나 패키지 쪽을 조금 더 트렌디하게 바꿔보고 싶어서 누센 신제품은 공병 사출 새로 떠서 출시하고, 향 라인업을 특히 전면 개편 하기로 했어! (시중 디퓨저 중저가 브랜드 라인은 특히 같은 향 돌려쓰기가 진짜 심해서… 기존 향으로 신제품 내는건 의미가 없다고 생각ㅎ) 히노끼 계열 / 기존 호텔우드 디벨롭 (우리 회사 1등 향 ㅎㅎ,,,) / 밤쉘 (내 최애 향) + 신규 향 2~3개 추가 예정이고 (회사 조향사 분이랑 레시피 개발 + 향료 샘플도 계속 받아보는중!) 자사 공장 & 생산이라 기존 향 배합 비율 조정이나 새로운 향도 샘플 받아서 수정 가능해서 혹시 디퓨저 쓰면서 좋았던 향, 새로 있었으면 좋을 것 같은 향, 아쉬웠던 포인트 등 솔직하게 말해주면 너무 고마울 것 같아 😭💚"
https://www.threads.com/@workman_hj/post/DQjBKZDEb5V?xmt=AQF0aEzRTmzdsBB6Djflcjn0NDbSqMO_SsZtMgw5UCD5wnJ675-NGg1uiDuDM119YP3AUQk&slof=1,ℹ️ 정보,"향, 디퓨저, 브랜드 컨설팅",프리랜서,"향 관련 일하기 전엔 패션사업 하다가 현실에 부딪혀서 결국 내려놨었는데, ‘그래도 난 평생 패션이다’싶었거든 그러다 디퓨저 등 향 관련 스타트업 창립 멤버로 들어가서 상품 개발부터 마케팅, 디자인, 구매, 인사까지 진짜 안 해본 게 없었어. 첫해 매출 10억도 안 되던 회사였는데, 불과 몇 년 만에 700억짜리 회사로 성장하고그만큼 나도 미친 듯이 달렸던 것 같아 결국 퇴사하고 나니 건강악화만 남았더라😂 그래도!긍정회로로 보면 모든 게 좋은 경험이었어.현장에서 부딪히면서 브랜드가 커가는 전 과정을 직접 봤고, 상품 개발부터 마케팅, 구매, 인사 전부 다 만지다 보니 브랜드의 ‘판’을 짜는 감이 생기더라구 현재는 프리랜서로 몇 개 일 받아서 해주고있는데 요즘은 동종업계에서 디퓨저나 향수 브랜드들이 먼저 찾아주셔서 리드스틱, 캡, 용기 같은 소싱부터 브랜드 컨설팅까지 프리랜서로 이것저것 도와주는 중! 네이버에서 ‘디퓨저’ 검색하면 상위에 뜨는 브랜드 몇 개도 내가 같이 하고 있어!"
https://www.threads.com/@perfumer.k/post/DEWsWQEBEn6?xmt=AQF0KeFH_vL4fbYxj4itYFK0elSd_ittHNAqRZj_Rtct1yAuJJDmvUqi7q5o7zoKR1fxDjE&slof=1,🥊 경쟁사,"향개발, 브랜드 정체성, 컨설팅",자체공장 보유 | 브랜드 시그니처 향개발 프로그램,"브랜드 시그니처 향개발 프로그램 향개발 후 활용 - 브랜드 정체성을 강화하고 싶다 (감성적 연결을 통한 브랜드 스토리 전달) - 고객 경험을 개선하고 싶다 (오프라인 매장, 호텔) - 판매 및 마케팅 전략으로 필요하다 (제품, 부가 상품 개발) - 고급화 및 차별화가 필요하다 (럭셔리 이미지 강화) 👇🏻 프로그램 설명 1) 직접 원료를 체험하고 2) 컨설팅을 통해 향개발을 함께 진행해서 3) 브랜드 아이덴티티를 강화하거나 4) 향 제품을 출시해 수익을 올리고 싶은 친구들이 필요한 서비스야 우리 회사의 강점 1) 자체 공장 운영중 (ISO 22716, ISO 9001, 최소 MOQ) 2) 10년간 50여개 브랜드 향개발 및 제품 개발 경험이 있고 3) 자사 브랜드도 운영중이어서 시장 상황에 맞는 전략 및 컨설팅 가능하고 4) 유통 파트너사와 자체 매장을 통해 판매에도 도움을 줄 수 있어 hello@artnperfume.com 으로 연락주면 프로그램 메뉴 보내줄게"
https://www.threads.com/@jjungdi_unni/post/DP78lPhEyLg?xmt=AQF0YpU8Spjg2R2iR1C9NpHjtyn8hMFEdeogQZk30oRSrDb2nyoy6-XUclnjIP9lv4I6wMc&slof=1,⚠️ MOQ/제조,"제조사, 소량생산, OEM",제조사,제조사 많이 다녀봤지만 우리 제조사만큼 깨끗한 곳 못봄🤭 기본을 철저히 지키며 정직하고 진실되게 고객과 소통하자는게 우리 회사의 철칙 우리 회사는 인천에 있어 화장품 소량생산/OEM/ODM 관심있는 치니들 편하게 디엠줘☺️
https://www.threads.com/@6morin_/post/DNstgtZ5uB5?xmt=AQF0Fwr2ExyRMI941SvHA2tBPcf6MmMngbQESW9FhAcJ2izWox9svl50QmVJbZeDQvZwBCAy&slof=1,🤳 제품군,"논픽션, 차혜영, 프리미엄 향수",프리미엄 향수 브랜드로 일상 속 향을 확장하는 전략,"[향수 브랜드 1. 논픽션] 1. 2019년 차혜영 대표 브랜드 2. Nonfiction. 허구가 아닌 진짜 나를 전한다는 브랜드 메시지 3. 첫 출시 라인업은 오드퍼퓸 4종. 각각 동일한 향조를 가진 핸드크림, 바디워시, 바디로션 동시 전개. 향을 단순히 뿌리는 것을 넘어 일상생활의 루틴으로 확장하려는 전략. 하루종일 좋아하는 향과 함께! 4. 가성비 좋은 프리미엄 5. 프랑스 조향사 협업. 최고급 원료 사용 6. 외할머니댁에 온듯한 따뜻함을 키워드로 브랜딩 (힙한 브랜드와 오히려 차별화) 7. 차혜영 대표와 친분있는 인플루언서, 셀럽이 사용하면서 대세감 형성 8. 한남, 성수의 트렌디한 카페 화장실에 놓으면서 핫플레이스의 향으로 유명해짐"
https://www.threads.com/@cos.meticup/post/DQ2zIgnksqx?xmt=AQF0nbvAJhdedfkMESURDiqt0WzmJG3NpReibkhYdebbP01zQW89FADfE9UGu9mR55XIfaY&slof=1,⚠️ MOQ/제조,"MOQ, OEM, ODM",제조,화장품 관련 제품문의 브랜드 및 마케팅 문의는 언제든지 환영이야 MOQ OEM ODM 뭐든지 상담가능해 최근 회사에서 나온 영양크림이 되게 잘 팔리고 있고 평도 너무 좋아~^^ 스치면 반하리~~ 1천명되명 10명에게 우리제품 랜덤으로 나눠볼까해~^^ 이번 한주 시작도 해피하게 시작하길바래~^^
https://www.threads.com/@kodeok.kr/post/DWEMZoIFNjL?xmt=AQF0D7WLgsldE22ZhjP3Wl4FyHzxWSWp6kb2FfXcLjzJUgqHQc6zTTCq_p2pCpUrm8_EWrY&slof=1,👾 트렌드,"글로시, 브랜드 전략, 매장 축소",매장 축소와 제품 편집을 통해 브랜드 정체성을 강화,"글로시에는 왜 9개 매장을 닫기로 했나 : 확장의 시대가 끝나고, 편집의 시대가 시작됐다 1️⃣ 브랜드가 커진 게 아니라, 흐려진 거였다 글로시에는 더 많은 제품을 내고, 더 많은 매장을 열며 전통적인 뷰티 기업처럼 움직이기 시작했다. 하지만 매출이 커지는 동안 브랜드는 더 선명해지지 않았다. 2️⃣ ‘많이 하는 브랜드’보다 ‘선명한 브랜드’가 이긴다 파운데이션, 아이라이너, 바디미스트까지. 하나하나는 합리적이었지만, 전부 글로시에답지는 않았다. 문제는 경쟁사가 늘어난 게 아니라, 글로시에가 만든 언어를 남들이 더 잘 말하기 시작한 것. 3️⃣ 새 CEO의 결론 매장 12개 중 9개를 닫고, 신제품 출시를 줄이고, 히어로 SKU 중심으로 돌아간다. 향수 You처럼 이미 검증된 상징에 다시 집중하는 전략이다. 4️⃣ K-뷰티 시사점 지금 필요한 건 다음 SKU가 아니다. 유통을 넓히더라도, 브랜드가 주는 감각은 더 또렷해야 한다. 2026년은 확장이 아니라 편집의 시대다."
https://www.threads.com/@neargarden_official/post/DUSJ40fk6Z_?xmt=AQF0QhAd9kYvdKs3PFy_drafh9xE9Tsrr7_GaO2AqYFHYoAuKCtnfBwodIR1PzmFbZpsDifA&slof=1,🪄 브랜드/대표,"향수, 바디미스트, 생산 시작",바디미스트 6종,"향수 모으기가 취미인 니어가든 BM인데, 드디어 오늘 생산 시작했어!!!! 🥹 단상자 감리 끝내고 여기까지 오니까 진짜 감격… 자존심 걸고 만든 바디미스트 6종 향, 이제 곧 세상에 나온다 ✨"
https://www.threads.com/@bokshouse/post/DG5HT8CxP7j?xmt=AQF0diq-8UW5mWzPAZq_9NtkjNep4d-NSIxwYui-j9tqVTCJU-IoDadKn1g67scZaFf-FmqD&slof=1,⚠️ MOQ/제조,"OEM, ODM, 온라인 원스톱, 한국콜마",한국 화장품 OEM ODM 비즈니스가 온라인 원스톱 시스템으로 간편하게 진행되고 있다,"🤖🤖🤖우리나라 화장품 OEM, ODM 비즈니스는 정말 좋다 - 용기 업체 연락 안됨 - 원료 업체 너무 비쌈 - 인쇄 업체 말해 모해 그에 반해 OEM, ODM은 한국콜마, 씨티케이, 프리몰드 홈페이지에서 정말 간편하게 진행할 수 있는 시스템이 자리잡은 느낌. 패션, 식품, 가전제품, 다른 분야도 궁금해! 이렇게 온라인 원스톱 비즈니스 시스템이 구축된 곳이 있을까? 스하리1000명프로젝트"
https://www.threads.com/@haninalda/post/DSuLBFUDxg3?xmt=AQF0QCJy9DXsrU6Hx_DVbUfWnH7jVToCWNeF3YlL_-lC9OgSZ7cgtKQokXMe-8cUOHrMJIt0&slof=1,👾 트렌드,"히어로즈 오브 코리아, 프라그란티카, 향수 등록",프라그란티카 | 히어로즈 오브 코리아 향수가 세계 최대 향수 커뮤니티에 등록됨,"솔직히 눈물났어. 히어로즈 오브 코리아 향수들이 세계 최대 향수 리뷰 플랫폼 Fragrantica(프라그란티카)에 등록됐어. 프라그란티카는 전 세계 수백만 명의 향수 애호가들이 활동하는가장 영향력 있는 향수 커뮤니티야. 12만 개가 넘는 향수 데이터와 수백만 건에 달하는 리뷰, 노트 분석이 쌓여 있는 곳. 향수를 좋아한다면 한 번쯤은 꼭 들여다보게 되는 ‘기준점’ 같은 공간이지. 그런 곳에 히어로즈 오브 코리아가 올라갔다는 것도 감격스러운데, 더 마음이 울컥했던 건 그 등록을 해외에 계신 팬 분이 직접 해주셨다는 사실이야. 우리가 요청한 것도 아니고, 마케팅을 한 것도 아니고 (사실 우리는 어떻게 등록하는지도 몰라.) 그저 이 향을 기억하고, 이 이야기를 남기고 싶어서 팬 분이 자발적으로 기록해주셨다는 게 정말 말로 다 표현하기 어려울 만큼 고마워. 2020년, 히어로즈 오브 코리아를 처음 만들 때 막연히 바라던 장면이 있었어."
https://www.threads.com/@reedfresh.co/post/DNiXP6GRqkw?xmt=AQF0uBQ-ULdCPHW3SWBoKsdiXlkebrVduOztNPg30iAWqYsdR-vP830fihvt4yAVNrgEr5b1&slof=1,⚠️ MOQ/제조,"소량생산, OEM/ODM, 팀 구성",제조공장,"브랜드 하려는 사람들이 제일 막히는 게 뭐냐면, ✔ 대량 생산 ✔마케팅, 유통 & 판매 준비 근데 우리는 소량생산으로 같이 뛰어주는 파트너야. 우린 12명이 모인 팀인데, 그냥 사람 수만 많은 게 아니야. 각자 맡은 게 확실히 있어. <공장> 👩🏻🔬 연구원 2명 → 제형 개발, 안정성 테스트, 원료 비교까지. 연구실에서 끝나지 않고, 실제 시장에 맞는 포뮬러를 뽑아내. 🧑🏻🔧 생산 총괄 1명 → 공정 전체를 관리하면서 불량률 떨어뜨리는데 힘쓰고있어! 👨🏻🔧 생산 매니저 1명 → 하루 최소 500개~5,000개 단위로 생산해! 📦 물류·부자재 담당 1명 → 자재 입고와 완제품 출고까지, 국내외 물류 동선 추적해. 👩🏻🧾 포장 1명 → 포장 마무리를 책임져. > 여기까지 OEM/ODM을 맡긴 분들을 위해 애쓰고 있는 분들이야! <브랜드> 🧾 MD, CS 2명 🎨 디자이너 1명 👃 조향사 1명 📊 회계·운영 1명 🙋🏻♀️ 대표(나)까지 성공전략으로 언제든지..."
https://www.threads.com/@black_bean_123/post/DIlhnGKBMMx?xmt=AQF0doWG439fIr05nBTT_7MZRdtW57GPYeUCVNMVDIRkeonS7UGScXw5VcJRXAUfVxrvWxd8&slof=1,⚠️ MOQ/제조,"OEM, ODM, 향기제품",초보사업자가 향기제품 제조 시 알아야 할 정보,초보사업자가 향기제품 만들때 알아야할 3가지. 1. OEM / ODM 제조 공장 바로알기. 2. 향보다 베이스 성분의 중요성 알기. 3. 용기 및 부자재 수급이 잘 되는 곳 미리찾기. 그리고 디퓨저. 섬유향수. 룸프스레이는 생활화학제품 향수. 핸드워시. 바디워시는 화장품! 제조사
https://www.threads.com/@anp__artistry/post/DSICfOICXCf?xmt=AQF0eWbayXV0IHApR17mGcu-P51bnxEJrr_1zzNT4FqCpAy9IqVnGvY746qqlG66FqDbrK3g&slof=1,⚠️ MOQ/제조,"향 개발, 조향 전문 제조사, OEM ODM",제조,"향이 브랜드의 감정을 결정합니다. ANP는 향 개발에 특화된 조향 전문 제조사로, 지난 10년간 수많은 브랜드와 함께 향수·디퓨저·룸 스프레이 등 다양한 제품을 개발해왔습니다. 우리는 단순 제조가 아닌, “브랜드만의 향 정체성을 만드는 파트너”입니다. 직접 개발한 향료 아카이브와 매년 고도화되는 퍼퓸/디퓨저 베이스, 그리고 검증된 생산 시스템을 통해 소량 테스트 오더부터 양산까지 안정적으로 지원합니다. 오늘부터 ANP의 OEM·ODM 인사이트를 스레드에서 공유합니다. 향 개발 과정, 제품 제작 팁, 비용 구조, 브랜드들이 자주 묻는 질문들까지— 향 제품을 만들고 싶은 모든 분께 도움이 되는 정보를 전달하겠습니다"
https://www.threads.com/@team_sitda/post/DSzLtz-EdO6?xmt=AQF0BT35hfxYqncgDGllMe9leMNGG84GPa_oZC0K5G5B14n8Y9bKJhCIudPj5fq_NpxoweBq&slof=1,🤳 제품군,"샤워스티머, 아로마 에센셜 오일, 라벤더 오일",샤워스티머,"샤워스티머 그래서 그게 뭔데? 바디워시도 향 나는데 굳이 이걸 왜 써? 뭐가 다른건데? 우리가 준비하는 제품에 대해서 궁금증을 가진 사람들이 많더라고. 여기서 중요한 점! 향료와 아로마 에센셜 오일은 다르다는거야. 둘다 후각을 자극하는 건 같지만 아로마 오일은 더 나아가서 우리의 신경계까지 도달해. 쉽게 말해 수면을 위해서는 라벤더 오일을 사용하는게 이런 원리인거야! 그냥 좋은 향으로만 끝나는게 아니라, 정말 내 상태를 전환해주는 샤워하면서 쓰는 배쓰밤, 아로마테라피 샤워스티머를 만들고 있어! 아직 한국에는 생소한 제품이라 관심 있는 사람들 있으면 체험해볼 수 있게 선물하고 싶은데 관심 있는 사람? 💗"
https://www.threads.com/@maraeng_cosmetic_partners/post/DKJfO5nzM63?xmt=AQF0EkoZxsHVwsf_5pl6gmNb4POwjhGJ8Y_TYnh8_uGvh5dSt1SqCBjzv9RWuxhePySvBiQG&slof=1,⚠️ MOQ/제조,"화장품 제조사, 소량생산, 1:1컨설팅",소량생산 제조사,안녕 나는 화장품 제조사야~😗☺️ 내 브랜드로 화장품 만들고 싶은 스친이 있으면 편하게 연락 줘 ☺️ 기초.색조.바디까지 화장품은 다 가능해
https://www.threads.com/@theblupine/post/DVGfNZ4j32S?xmt=AQF0B0KSn7UKzfB129W-zV8dXU_HeCgifxtmwrPJ0anylAMOApvjvIYLYZF7G2e2wtSV_BRz&slof=1,⚠️ MOQ/제조,"제조사, 용기, 인증",처음에는 턴키 방식 제조사와 함께 경험을 쌓는 것을 추천,"처음에는 한국콜마처럼 턴키로 진행 가능한 곳이랑 진행하면서 경험을 먼저 쌓는걸 추천할게! 왜냐하면 처음에는 제조사 따로, 용기 따로, 인쇄 따로, 인증 따로 알아보면서 전체 일정을 맞추기가 쉽지 않을거야!"
https://www.threads.com/@perfumer.ddogun/post/DQGZLQ-kRWj?xmt=AQF0-RozKYbz27U2yFrS6jbWHxcOkgUT_qZxwShCZHWNn4yK-CLloBMpFg365mciwluCTeUI&slof=1,조향사🧙‍♀️,"조향사, 맞춤 향료, 향 개발",조향사가 맞춤 향료 개발과 납품을 소량으로도 지원한다고 안내합니다,"소량이라도 완전 맞춤 향료가 필요한 스친이 있다면 언제든 연락 줘. 보통 조향사랑 직접 컨택해서 향 개발 의뢰 맡기기 쉽지 않거든. 수년간 향수부터 화장품, 방향제까지 시그니처 향 개발부터 향료 납품까지 다 해왔어. 언제든 웰컴이야 :)"
https://www.threads.com/@beu___labs/post/DUYVcaqkoLP?xmt=AQF0nWsTELUDdPwyWB6qdo7lqcDLrW-w11dZNDz-LgO3OR9GKgFgWYnlSkhJewS0njKngLY&slof=1,⚠️ MOQ/제조,"향료 양, 부향률, MOQ",화장품 향료 양과 MOQ 계산이 제품 설계에 중요함,"2/5 화장품 만드는 사람의 하루일기 🧴 보통 바디워시, 바디로션엔 향료가 얼마나 들어갈까? ⚖️ 예시 기준 ☑️ 용량 : 500ml ☑️ 부향률 : 1% ☑️ MOQ: 5,000개 👉 필요한 향료 양은 총 약 25kg 이런 계산이 먼저 나와야 향 선택도, 원가 설계도 현실적으로 가능해져! # 화만화 16일째 📝"
https://www.threads.com/@black_bean_123/post/DP6qvR1Ae-o?xmt=AQF0DJnkofh4pXeeNy0lUANITExGT9TOJf6Q9XaXYvMVic5Pkn_l_rhoc2MI1bxc3ELsQ08&slof=1,⚠️ MOQ/제조,"향 테마, 브랜드, 향 조합",잘 팔리는 향 테마와 브랜드별 효자 향 조합을 소개하며 향 선택 전략을 제안한다,"전지적 제조 시점 12. 비밀인데… 꾸준히 잘 팔리는 향 테마 알려줄까? 예쁜 향 말고, 팔리는 향 기준으로 말한다. 시장에서 이미 검증된, “브랜드들의 효자템 향 조합” 저장해두면 도움이 된다. 1) 머스크 + 파우더 (국내 1티어 안정권) ㆍ“따뜻+청결” 감성 → 남녀불문 판매 가능 ㆍ구매층: 20~40대 전연령 2) 시트러스 + 우디 (프리미엄 브랜드가 많이 씀) ㆍ시작은 상큼, 끝은 고급 → 재구매율↑ ㆍ구매층: 미드~하이 가격대 브랜드 3) 화이트 플로럴 + 머스크 (SNS 바이럴용) ㆍ“인스타 감성” 좋아하는 층 직격 ㆍ이성어필 & 여성향 브랜드에서 강세 (갠적으로 내 취향) ☝🏻절대 헷갈리면 안되는거 ㆍ“내가 좋아하는 향” = 개인취향 ㆍ“사람들이 돈 내는 향” = 컨셉과 전략 스친들이 생각하는 “향 테마,컨셉” 있어? 니가 하고 싶은 브랜드 향 알려줘 나도 방향성을 알려줄께"
https://www.threads.com/@perfumer_lee_eric/post/DO8syr2D-iD?xmt=AQF0WC_s5UMH2lOxyRUv7g6XwJHl8DtfTWI0DnFQyHmlvwWs_iissBeNADK-hu9bEBQaH1AA&slof=1,조향사🧙‍♀️,"조향사, OEM공장, 향 개발",조향의뢰,"우선 간단한 방법부터 말해보자면 1. 화장품 OEM공장에 생산 의뢰 하면서 원하는 느낌의 향도 함께 요청해서 향을 받아보기. -> 이 경우 수정을 여러번 하는 건 어려울 수 있음. 2. OEM공장에서 향료 회사를 소개 받아서 직접 의뢰하기 -> 이건 수정을 여러번 할 수 있으나 향료를 구매하는 MOQ가 생각보다 클 수 있음. 3. 프리랜서 조향사에게 직접 의뢰하기. -> 독창적인 향으로 만들거나, 2~3번 수정가능, 향료 MOQ도 어느 정도 조절이 가능하지만, 향 개발 의뢰시 개발 비용이 발생함."
https://www.threads.com/@mayall_yoru/post/DNURKRvyKfy?xmt=AQF0A2Rgg8U4QGIXYFeDcrQUMNG0AatB7ZbH08zTg8JFk-k6Lq9U4eb55l3UflJigm4l-ipp&slof=1,⚠️ MOQ/제조,"향료, 샘플, 업체",향료,"지나가던 전직 향료 영업사원입니다. 향료는 다양한 업체에서 다양하게 샘플 받아보세요. 디퓨저는 3종 픽스해도 행정이나 생산 문제로 1종만 제품으로 나오는 경우가 많아요. 샘플 3종은 너무 적습니다. 최소 20~30종은 받아보실 생각하고 여기저기 다양하게 문의해보세요. 아래는 참고하시라고 간단하게 특징 적어드릴게요. *직접 원료 컨트롤하면서 조향하는 향료 업체(소규모) >>장점 : 디테일, 고객맞춤향, 소통 >>단점 : moq, 단가 *국내대형향료업체 >>장점 : 단가 대비 좋은 퀄리티, 발주시 빠른 납품, 향 종류 개많음 >>단점 : 영업사원 잘만나야함 *외국대형향료업체 >>장점 : 향의 스펙트럼이 매우 넓고 퀄리티가 높은 것들이 많음 >>단점 : 일정이 오래 걸리고, 많이 비쌈"
https://www.threads.com/@gentlepapa_official/post/DTTqUZqkl6f?xmt=AQF0npv-3gFQcOhO-pomefRe60QCne017dBhfmE2Uj9cqhuM6ATfQkLC4o5O5taF5JoaUuLa&slof=1,⚠️ MOQ/제조,"MOQ, OEM, ODM",200개부터 바디워시 OEM / ODM ,"바디워시 브랜드 만들고 싶은데 MOQ 때문에 망설였던 사람 있어? 젠틀파파는 👉 200개부터 바디워시 OEM / ODM 가능해. • 레시피 그대로 OEM도 되고 • 향·컨셉 바꿔서 ODM도 가능 • “내 브랜드” 이름으로 출시 가능 대량 말고, 테스트용 · 첫 브랜드 · 스몰 브랜드에 딱 맞게. 공장형 아니고 소량이라 관리 빡세게 함. (우리는 하루 240개 만드는 집임…) “일단 한 번 만들어보고 싶다”면 이 정도 수량이 제일 현실적이더라. 궁금하면 편하게 물어봐. 브랜드 꿈, 생각보다 빨리 시작됨 😉 #OEM #ODM #소량제작 #바디워시제작 #화장품창업 #1인브랜드 #스몰브랜드"
https://www.threads.com/@perfumer.k/post/DVyZtwkAYlc?xmt=AQF0nJU2fu-s19UkQ4mC0ZNvFE9QYz5SS4uwXKi9jE0Fxy8rL6PCXOFtiVpY9hdBI5csR8Vb&slof=1,🥊 경쟁사,"미팅, 공간향, 개발",공간향,"일단 오늘 미팅 잘 끝났습니다! 공간향 개발, 설치 운영도 잘해요."
https://www.threads.com/@perfumer.k/post/DV2DeS9gWYo?xmt=AQF02A39b9_cORz4Z8nDw5UXMuTgvmZQmP6yKHtdSLPqcyDBS3OSYBu3aG5Snt400K4LIME&slof=1,ℹ️ 정보,"브랜드명, 추천, 향료",브랜드 세계관과 향료를 기준으로 눈여겨볼 향수 브랜드,"공개적으로 브랜드명 포스팅하기엔 나도 많이 부족해서 ㅋ 그래도 추천한다면 눈여겨 볼 브랜드로 나흐, 아로, 볼름에릭스, 로우 콘트라스트, 르 페르소나, 오르간테일, 해수향당, BTSO, 르플랑 에떼, 노치코드 기준은 브랜드 세계관, 향료, 에티튜드"
https://www.threads.com/@perfumer.k/post/C-5PuTCPduT?xmt=AQF0RycEZUkLG-uPh_Tm6XVqXQojl-yIxI_JYas6Jb5wH8EHg75N_Qz3PoaAf3EWOS9Fwp0H&slof=1,⚠️ MOQ/제조,"향수 브랜드, 향수 공장, MOQ 1000개",향수 MOQ 1000부터 (향수 브랜드에서 향수 공장까지 운영),"향수 브랜드로 시작해서 향수 공장까지 할 줄은 정말 몰랐음. 🙄 멀리 그라스에서 날아온 소중한 향료들이야. 타 브랜드 향수 생산에 쓰일 향료인데 향이 참 좋더라. 깔끔 정확하게 생산을 마치고 납품 할 예정. 참고로 우리 공장의 향수제조 MOQ는 소소하게 1,000개임."
https://www.threads.com/@id_kwonceo/post/DMM8vsqS80T?xmt=AQF0rhzNA90s6hMp_2mLQaOr9hPyvlz-vGNledLupicHLvHx3qIZ6Fzn8XsiS_nZ-Qt4j_0&slof=1,⚠️ MOQ/제조,"MOQ, 대기업 단가, 거래량", 대기업 단가 + MOQ 최소로 진행한 방법,"제조사와 거래할 때 대기업 단가 + MOQ 최소로 진행한 방법 > 세일즈 역량 어필하기 구체적인 성장 수치와 방법, 성과를 통해 그림을 그려줬음 제조업은 시설에 기반한 생산 사업으로 유지가 중요하기에 꾸준한 거래량이 중요함 그렇기에 꾸준히 거래하는(할 것 같은) 상대에게 호의적임 반면, 그렇지 않은 상대에게는 호의적이지 않음(단발성 거래 시 마진폭을 높이려고 함)"
https://www.threads.com/@mellige1826/post/DLZk-85SQ5C?xmt=AQF0Fy0g2pa7teCMu2m2_2L-f78Y00uz1gy0dHwLZwNisMbkwHtbNVTci3SupNr8LarVfNUY&slof=1,⚠️ MOQ/제조,"수출, 계약서, MOQ","수출 시 인증, 계약서 조항, 단가 계산 등 준비가 중요하다는 내용을 안내합니다","수출, 왜 어렵다고 느끼시나요? 1. 인증과 등록, 생각보다 오래 걸립니다. FDA, CPNP, 할랄 인증 등은 수출 직전에 처리하면 늦습니다. 샘플 발송 전에 등록 가능 여부부터 확인해야 리스크를 줄입니다. 2. 계약서, 분쟁은 작은 조항에서 시작됩니다. MOQ, 결제 조건, 책임 범위, 환불·불량 대응 등이 불명확하면 작은 물량에서도 문제가 발생합니다. 영문 계약서라도 꼼꼼히 검토하고 합의된 내용은 메일로 증빙을 남기세요. 3. 단가 계산, 물류·통관 비용을 빼먹지 마세요. 수출가는 제품 단가뿐 아니라 운송비, 포장비, 통관 수수료, 환율 변동까지 포함해 계산해야 합니다. 마진이 넉넉해 보여도 출고 후 남는 것이 없을 수 있습니다. 수출, 알고 준비하면 기회가 됩니다. 팔로우하시고 앞으로도 K-뷰티 수출 실전 인사이트 받아보세요."
https://www.threads.com/@memoriscent_official/post/DEmQrSQT_Ur?xmt=AQF0MGEMrjhxfi4jey-mmfoiEDu9th04x36W1wX8pxxc6BbYfdyYZXgvdbqwEoG8j7Nwok4&slof=1,조향사🧙‍♀️,"조향사, 향개발, OEM","메모리센트는 조향사와 함께 향수, 비누 OEM 및 브랜드 시그니처 향 개발을 제공한다","<쫀득&수분 가득한 찰떡비누 oem> 비누 거품이 찹살떡처럼 늘어지는 비누 보셨나요? 쫀득한 비누 거품이 세정되어지면서 촉촉한 느낌을 가져옵니다. 세안시 팩처럼 또는 면도할 때 쉐이빙폼 대신 사용하실 수 있는 찰떡비누입니다. 🧼찰떡솝 OEM은 메모리센트와 함께하세요🧼 ▪️향수, 비누 oem ▪️화학과 졸업, 조향사, 화장품 제조업 및 책임판매업자 보유 ▪️브랜드 시그니처향, 공간향 개발 ▪️향개발부터 제품제작까지 원스탭으로 가능 ▪️스몰브랜드를 응원합니다🎉 MOQ 200개 화장품제조사"
https://www.threads.com/@woomvi.official/post/DDVozFGTYMt?xmt=AQF0Z6MgW5fCK24kkoXOQlUWw9tPddMOrU6XjUv7FRLjpAyh8qtUG-IxcPak7cghw7PyLOQ&slof=1,⚠️ MOQ/제조,"포장지 인쇄, 셀프인쇄, 최소주문수량",작은 브랜드도 소량으로 포장지를 셀프인쇄하는 방법을 소개합니다,"포장지 인쇄, 셀프로 해결하는 법 🖨️ 제품 포장재로 방산시장 발품 팔며 비닐/종이 봉투를 알아봤는데, 기본 MOQ(최소주문수량)가 10,000장부터… 조그마한 브랜드에서는 무리더라고 😢 그래서 찾아낸 셀프인쇄로 패키징하는 방법! 이제 작은 브랜드도 소량으로 깔끔한 포장 가능해 ◡̈ 1️⃣ 인쇄할 용지 사이즈 재기 2️⃣ 프린터기에 용지 넣기 3️⃣ 인쇄 설정에서 사용자 정의 사이즈 설정 ✅ 여백 없이 체크 필수! 이렇게 간단한 건데, 방법을 몰라서 한참 헤맸다… 나처럼 작은 브랜드 운영하는 친구들에게 도움이 되었으면 해 꿀팁"
https://www.threads.com/@sellers.nest/post/DNSiOx6IZ8u?xmt=AQF0t0lldK-tfPSBvRO9h_cEwtEsE63-w4fh6GECsEJ9MbN46sVhGuYBs4HTdjl8nZgJTac&slof=1,⚠️ MOQ/제조,"해외 바이어, MOQ 정책, 현지 시장",해외 바이어가 한국 브랜드 샘플을 거절하는 주요 이유와 해결법을 설명한다,"해외 바이어가 한국 브랜드 샘플 받고 3초 만에 거절하는 이유 유럽/동남아 바이어들이 K-뷰티 샘플을 받자마자 패스하는 가장 흔한 이유 3가지: 1. 성분표가 현지 언어로 번역 안 됨 2. 패키징에 현지 인증 마크 없음 3. MOQ 정책이 현지 시장과 안 맞음 실제로 동남아 유통사들은 샘플만 봐도 ""이건 우리 시장 모르고 만든 제품""이라고 바로 판단해버려. 댓글에서 각 이유별로 구체적인 해결법 알려줄게 해외진출전략"
https://www.threads.com/@hoawny/post/DIsVop3yZkO?xmt=AQF0yTV7awph20G_ISvqnfdSLHu_MT_4g3rRIhWHvD3pTnWjitCGMTEi1hJlhAmKHrKO6Z_z&slof=1,⚠️ MOQ/제조,"소량 제조, MOQ, 제조업체",소량 제조 시 MOQ에 대한 오해를 풀고 제조업체와의 협력 가능성을 설명함,"이번에 화장품 소량 제조 관련해서 이거저거 좀 알아보면서 느낀 점 1. MOQ 에 대해서 부정적으로 생각하지 말자. 업체들 미팅해보니 5,000개 부터 충분히 가능하더라. 설명 잘 하고 비전 제시하면 3,000개도 가능. 스타트업 아니어도 오래되고 건실한 제조회사와 충분히 진행이 가능해 보였음. 2. 가격? 당연히 경쟁력 있게 진행이 가능해짐. 미팅 전에 작년 대비 원부자재 많이 올랐을거니 비싸겠지... 소량은 진행 안 하겠지... 이런 생각들 하고 미팅했는데 아니었음. 오히려 이런저런 해법을 제안받았음. 3. 제조 는 제조업체와 내가 개발하고자 하는 제품의 결이 맞아야 쉽고 빠르게 진행이 가능. 예를 들면 스킨 토너 주력으로 하는 제조사 에 풋크림 만들어보려고 찾아가면 서로 곤란 ㅎㅎㅎ 추가 주절거림은 댓글로"
https://www.threads.com/@minchobae/post/DN5eYSOkSgI?xmt=AQF0ZpZ0t1cZaZhBdIS2z4YBtE4RAYvMGtmFEOjv_S7OGlU4fPaY2f9_2JXv1Fcn-LUN368&slof=1,⚠️ MOQ/제조,"MOQ, 품질 안정성, 납기 신뢰도","제조사 선택 시 MOQ보다 품질 안정성, 납기 신뢰도, 수출 대응력이 중요하다","스타트업 정글에서 살아남기 #5 첫 제조사 선택, 제일 중요한 기준? ❌MOQ, 가격 ✅ 품질 안정성 ✅ 납기 신뢰도 ✅수출 대응력 -품질 떨어지면 재구매 안 함. -납품 밀리면 브랜드 이미지도 같이 박살남. -수출하려고 하는데 “그 나라는 대응 못해￼요” 하면.. 제품 처음부터 다시 개발 해야 돼."
https://www.threads.com/@esthetic_curator/post/DNktSLgPQ_R?xmt=AQF0VNCwL_WEXH8cFvcVe2UvV_twpbtB885La1j5mNyHJDdde14UGkd_EUA-I7ycYzg-6Jse&slof=1,⚠️ MOQ/제조,"바이어, 수출, MOQ",수출 성공을 위해 바이어 선정 시 7가지 체크리스트를 점검해야 한다,"“잘못 고른 바이어 하나가 회사를 무너뜨린다” 수출은 제품력이 다가 아냐. 바이어 하나 잘못 만나면 브랜드 가치, 돈, 시간 다 날린다. 바이어 미팅전 7가지 체크리스트 1.회사 업력·매출·거래 브랜드 이력 2.결제 조건·미수금 여부 3.유통망 + 현지 마케팅 역량 4.규제·통관 대응 가능 여부 5.브랜드 키울 파트너 의지 6.현지 소비자·트렌드 이해도 7.가격 정책·MOQ·리오더 투명성 ""팔아줄 사람 말고, 키워줄 사람을 잡아라."""
https://www.threads.com/@global_sourcing_kimpro/post/DJORs7ISOe_?xmt=AQF0sq1NjWArBm9R3I8IKw9O-z_eUDDtgMfvNU-4P4oux98rRE6Ok8BJnG5nj6xaCzPOReDS&slof=1,⚠️ MOQ/제조,"해외브랜드, MOQ, 독점 판매",최소 자금으로 MOQ 없는 해외 브랜드를 독점 수입해 판매하는 방법을 소개한다,"500만원으로 해외브랜드를 독점 판매하는 방법, 쿠팡이나 스마트스토어를 운영한다면, 제품소싱은 항상 고민일거야. 자금이 부족한 예비 창업자, 초보셀러, 위탁과 구매대행 판매자에게는 도움될거야. 핵심은, 최소 자금으로 진입장벽을 만든다. 1. 독일 암비안테 박람회에서 해외 브랜드를 만나. 2. MOQ가 없고 자체 공장을 가지고 있는 헤리티지 브랜드를 컨택해. 3. 고민은, 인지도가 없다고 안팔릴 경우일텐데. 이미 인지도 있는 해외 브랜드는 독점 수입원이 있거나 MOQ가 높아. 4. 판매가 보장되는 제품은 없어. 대기업도 같아. 5. 해결방안은? 박람회에 참가한 이미 한국에서 판매되고 있는 비슷한 브랜드를 찾아보면돼. 6. 아마존에서 이미 판매하는 브랜드도 많아. 판매와 리뷰를 보면 한국에서도 팔릴지 감이 와. 7. 이런 브랜드를 수입해서 판매하면 돼. 8. 암비안테 일정은 2026.2.6~2.10 해외소싱 초보를 위한, 미니 강좌 오늘은 6번째 이야기였어."
https://www.threads.com/@memoriscent_official/post/DGfJ9A3TN45?xmt=AQF0nsjMwDWCIXvyYi5pXpUCla0l0cBMJ--OzgI3qTv-UsnRiJFDlDS6IapcQeM2Xq2Yyex5&slof=1,⚠️ MOQ/제조,"조향사, 향수, 비누","향수, 비누, 바스붐 | MOQ 200부터, 500과 비교","아쉽지만 핸드크림은 안하고있어ㅜㅜ 우린 향수,비누(고체,액체), 바쓰붐 전문이야"
https://www.threads.com/@memoriscent_official/post/DBQf_h9T-S9?xmt=AQF03WZ6yE5shruCo1Rd-ZC4b9WkDpLxwtLN9dZfXcqGQiwxvLxCDVSC3FKfaZQmWTEZehc&slof=1,조향사🧙‍♀️,"조향사, 소량주문, MOQ 200개",7년차 조향사 & 제조,"오랜만에 올려 새로운 느낌이니, 우리회사 소개하기😉 우리는 비누, 향수 oem/odm을 하고 있는 회사야. 대부분의 제조회사들은 MOQ가 높은데 나는 소형회사들에게도 기회를 주고 싶어서 MOQ를 200개로 낮춰서 진행중이야. 당연히 주문갯수가 낮으면 단가는 비싸겠지, 이점은 그러려니 해줘. 소량주문하면 우리도 재료를 소량살수 밖에 없어.(나도 매일 단가흘 내면서 흠칫한단다) 대신 잘되서 갯수가 많아지면 기쁜 마음으로 단가 내려줄께. 정확, 신속, 효율을 중요, 완벽주의자 사장이라 제작일은 길게 부르지만 출고는 빠르단다. 7년차 조향사라 향제작도 가능해. 우리 브랜드만의 향을 만들고 싶거나, 소량제조를 하고 싶을땐 메모리센트를 찾아줘😉 화장품제조"
https://www.threads.com/@gracemun_cosmetic/post/DKgnuYrRQ2U?xmt=AQF0_E-E5n0w2SwAngqiNKnmDwa6AYHsH330fwxiSWM0SvjsfWCdKvUUgVTnO6aA34E0_58&slof=1,⚠️ MOQ/제조,"제조 의뢰, MOQ, 제형",화장품 제조의뢰,"화장품 제조 의뢰하려면? 👇 이런 정보들이 꼭 필요해! 어떤 제형인지 (예: 크림, 워시, 토너 등) 어떤 타깃을 위한 제품인지 (예: 아기용, 민감성, 남성용 등) 수출 여부, 있다면 어느 국가인지 예상 제조 수량과 용량 부자재(용기, 라벨 등)는 직접 준비할 건지, 우리가 준비할지 이런것들을 제조의뢰서로 보내주면 좋지. 왜 필요하냐면, 이걸 알아야 들어갈 수 있는 원료도 정해지고 우리가 최소로 생산 가능한 MOQ도 계산돼. 그래야 너한테 딱 맞게, 제품에 ‘살’을 붙여서 제안해줄 수 있거든 :) 관심 있는 스니들(브랜드사, 예비창업자 분들) 제조 생각 있다면 꼭 참고해줘! 우리 도움이 필요하면 메일로 편하게 물어봐도 돼~ gracemun4731@naver.com"
https://www.threads.com/@tets.terraria/post/DOzeRzoEhfE?xmt=AQF0dUaq8aw5RZ-3sehkoQTt_jJ_RX6Y8BRCkJeIS7P2wTmVEdb1Fg5QfRi2BOu9IKUhJd8&slof=1,⚠️ MOQ/제조,"최소 수량, 생산, MOQ",1인 사업자가 초기 비용을 아끼며 최소 수량으로 생산하고 마케팅을 기획하는 방법을 소개합니다,"텟츠의 고정비 아꼈던 방법 꾸준한 매출이 나오기 전 단계 1인 사업자가 시작단계에서 적용한다면 - 사무실 대신 집에서 - 생산을 한다면 최소 수량만 (생산을 맡겨야 한다면 최소 5군데 MOQ/비용 견적넣기, 검색 시 소량제작oem이런식으로 알아보기) - 프로토타입이나 구매한 샘플은 다시 당근으로 - 상세페이지. 제품촬영은 미리캔버스/캔바 > 팔리기 시작하면 디자인 외주 - 마케팅 먼저 기획할 것 (인스타, 스레드) - 제품 패키지는 제작보다 셀프로 - 셀링포인트는 하나만 명확하게 (이게 바뀔수록 시간은 흐르고 돈은 나가고.. 하나만 바뀌어도 상세페이지 전체가 바뀜 그럼 또 돈과 시간..) - 짜치면 안팔린다..? 아냐... 있어보이게 제품촬영 상세페이지 돈들여서 공들여서 해도 안팔릴건 안팔려.. 초기투자비용을 아끼는건 이 제품이 시장에서 반응이 있냐 없냐를 빨리 캐치해내는것 같아 이게정답이냐? 아니지.. 그냥 이런 방법도 있다 이거야"
https://www.threads.com/@reedfresh.co/post/DIkVAUzTgA-?xmt=AQF0v4-9LC49_D_WyAOPyQXbeERa5FSDdJgyG4NST-o5c7cmH11w0W5j64auzEwmd3rnS1Xz&slof=1,⚠️ MOQ/제조,"마진, 소량 생산, 공장 리스크",화장품 제조공장,"“제조공장은 보통 마진이 얼마예요?” 이런 질문 많이 받아. 제품마다 다르긴 한데, 판매가 기준으로 보통 20% 정도 마진이 잡혀. 근데 이게 전부 이익은 아니야! 아래 공정 분석 보면 알겠지만, 1. 인건비: 소량이라 충진, 포장, 라벨링까지 다 사람 손이야. 2. 설비 유지비: 기계 한 번 고장 나면 돈이..흑 3. 품질관리: 꼼꼼히 체크해야 하고, 불량 나면 전부 공장에서 부담하고 손해 큼ㅠ.. 4. 소량 생산 리스크: MOQ 낮을수록 리스크는 공장이 안고 가야 해. 울 공장에 원료가 늘 풍부한 이유는 선투자를 하기 때문이야. 그래서 보기엔 마진이 커 보여도 실제로 공장에 남는 건 10% 미만에서 안 되는 경우도 많아. 좋은 원료 써서 정직하게 만들고, 기한 맞춰 고객에게 깔끔하게 납품하는 것이 가장 큰 신뢰를 쌓아가는 과정이더라! 그렇게 고객에게 꾸준한 신뢰를 주며 나아가고 성장하는 공장이자, 브랜드 대표가 될게!"
https://www.threads.com/@romcos_wee/post/DG-z9lzhRuM?xmt=AQF00_OyOt5KXx2-Oe4GN92gfkzxEoYJPI2wCLP5gwPDtJpApW3Rn8yPvS8HzXno_1_NTs4&slof=1,⚠️ MOQ/제조,"용기, MOQ, 샘플, 양산",용기,"[안전하게 거래하는 국내 화장품 용기업체 list] 1. 연우 : 에어리스 용기 최강자. 생각보다 견적이 안비쌈. 튜브 moq 5000개부터, 콜마에서 인수했단 얘기, 용기 ct결과 없으면 발주 안됨, 첫발주 샘플 안뽑으면 양산 안됨 -> 용기ct 4주, 샘플기간 2주, 양산 평균 4주 봄, 여름 튜브 생산기간 최대 4개월까지 걸리는 단점, 사고 없음 2. 펌텍코리아 : 어플리케이터 용기 강자. 특이한 용기 개발 많이함. 용기 ct결과 없음 발주 안됨, 샘플 -> 양산 과정있음 양산기간 평균 4주. 군더더기 없는 업무처리. 사고 없음 3. 코코스팩 : 적당한 규모, 작지않은 업체이지만 고객사 대응 실무자 2명, -> 바뻐죽음, 업무대응 늦지만, 발주서내고 입금하면 업무처리 바로 됨, 최근 일부 라인 하청으로 처리해서 가끔 사고남. 제품 퀄 좋음. 4. 플라스틱 용기 : 럭스팩, 아크팩, 동방플라스틱~~~ 검색하면 줄줄이, 업체마다 금형달라서 꼼꼼하게 써치"
https://www.threads.com/@global_sourcing_kimpro/post/DSFC522koUx?xmt=AQF0BYiPCM8G4S89oN-_eI4gH2FRQzWWYqeZSWBCLj5QPKVIZ_uIQqupslSsF5LwUWzMJVU&slof=1,⚠️ MOQ/제조,"해외 브랜드, MOQ, 시장조사",해외 브랜드 독점수입,"팔고 싶은 해외 브랜드 독점수입, Work Flow 1. 서칭한다 : 제품과 브랜드 서칭해. 주로 아마존과 유럽 박람회. 2. 시장조사 : 국내에서도 잘 팔릴지, 특히 생활용품이면 국내 라이프 스타일과 맞는지 체크. 생활용품 위주로 제품을 보는걸 추천해. 3. 콜드 메일을 보내. : 한국서 판매 가능한지, 공급가격을 받아. 4. 연락이 올 때까지, 기다림. ** 연락이 잘 안올거야. 연락 올 때 까지 반복. 5. 드디어 메일 회신이 왔다!. 유선으로 미팅하자고 할거야. 6. (중요) 미팅 전, 가격과 MOQ부터 알아야해. 이때, 주도권은 누구한테 있을거같애? 브랜드? 아님 나? 이제부터 주도권은 나한테 있어. 브랜드 머릿속에는 온통 한국 시장쟌출 생각만 가득할거야. 그래서 회신오는게 중요해. 예시) 한달에 십만개 파는 미국 브랜드, MOQ 3천개라고해서 못한다고 했더니 계속 연락옴."
https://www.threads.com/@petitra77/post/DTHmmzFEi7v?xmt=AQF0UiJqQSJr98e3osglGm0zo-3PsgEJS-_INcWG7oG_FA_jIBXuz7VcssV2zKmEHxdkjjk&slof=1,⚠️ MOQ/제조,"튜브용기, 최소수량, 소량생산","튜브용기 MOQ 1,000","화장품 처음 시작하려는 사람들은 보통 가격때문에 튜브용기로 제품을 만들고 싶어하지... 하지만 최소 MOQ는? 튜브용기 생산 최소 수량은 보통 5,000개부터 가능해 처음부터 수량 5000개 부담되지? 우리한테 와 우리는 1000개부터 해줄게 튜브 용기만 따로 5,000개 사입하면 → 제품은 1,000개씩 소량 생산도 가능 ⚡ -용기만 5,000개 먼저 구매 -내용물은 1,000개씩 나눠 생산 *내용물부터 부자재까지 싹 다 커스터마이징 가능!"
https://www.threads.com/@gaggemssi/post/DGNRSZ2ylkP?xmt=AQF06LtPph9mqTb6KpxqMg6IFJv3zEKib1-OT8HKH44IKJ8dVm067yuiwXlmfZ3HALDKGgRS&slof=1,⚠️ MOQ/제조,"MOQ, 용기, 핸드크림","MOQ 10,000 vs 5,000",뷰티마케터 들 많지? 이전 규모있는 뷰티브랜드에서 지금은 스몰브랜드의 신제품 출시 프로젝트를 맡고 있어. 용기 예쁜데 비싸고 MOQ 10000개 vs 용기 무난하고 합리적 MOQ 5000개 핸드크림을 만든다면 어떻게 시작하고 싶어?😇
https://www.threads.com/@nalmyo/post/DTeJ2n1k0uH?xmt=AQF00q_UcoRSz1IgV_ws1fs6z8zN0BfLGVBa7yqxC06I3JmlUz4IZ-d8Vnt0SWklYb-2MTxp&slof=1,⚠️ MOQ/제조,"5,000개, 제조사, 퀄리티 보장","제조사 | 선크림 MOQ 5,000","제조사입니다. 저희도 5,000개 부터 가능합니다. 대표부터 연구소장까지 모두 콜마출신이라 퀄리티 보장합니다"
https://www.threads.com/@lin_ah_123/post/DLHjTi3hhB9?xmt=AQF0cXS2L0-0rDhooNZ4tb_somedSlWjyE1__cusUJYszy2elg36lSazVIWhOae3BXm61rc&slof=1,향따🙊,"향수 추천, 향따, 자부심",향따 자부심 있는 향수 추천을 요청하는 글입니다,향수 추천 받습니다. 조건 : 향따 당한 자부심있는 향수만.
https://www.threads.com/@shindavid/post/DRBvTECES07?xmt=AQF0t6LlI_bIq0rzsOtHVWA-2kjO2aynjf6AqUMjLb6ZOgxcJbQpQFAFnfW_rtrahinx2gnB&slof=1,👾 트렌드,"향수 용어, 향따, 테스트",향수 용어 테스트를 통해 친구들이 몇 개를 맞출 수 있을지 묻는 내용입니다,Q. 향수 용어 테스트 1. 향따 → 2. 코쿵 → 3. 잠뿌 → 4. 오뿌 → 5. 비뿌 → 6. 무뿌 → 7. 향린이 → 8. 살바살 → 9. 돌돌샤 → 10. 코바코 → 내 친구들은 몇 개나 맞출 수 있을까? 🤔
https://www.threads.com/@yoon.german/post/DVRIXhiklew?xmt=AQF0cuW4s7GeWWJOQjmdZqsEUG0hHX7VWi7fEj171GD9inhP2jkDKwnXbAUykLNElEzgb4pl&slof=1,🎩 콘텐츠,"향기, 아이덴티티, 향알못",향기 아이덴티티가 어려운 경험을 공유하는 내용입니다,사바사 인가봐..! 향알못에겐 어려운 향기 아이덴티티
https://www.threads.com/@kream.co.kr/post/DK1cJJXPOkI?xmt=AQF00aMIN2bt30_5I2eh6HvvMOE2PHPvTtWsvF6djGN1Ej2KD0nQT2OwZlV_XanLx4Ht6Egi&slof=1,향따🙊,"향수, 청량한, 바다향",향따 | 향수 | 옆자리 직원의 새 향수에서 청량하고 산뜻한 바다향이 느껴졌다,오늘 출근해서 일하는데 어디서 진짜 엄청 좋은 향이 나는거야..! 내 옆자리 직원분이 새 향수 산 거였음 청량한 여름 느낌인데 산뜻한 스킨향 같으면서도.. 시원한 바다향도 나는데 살짝 우디하기도 했음. 용기내서 향.따 해왔다
https://www.threads.com/@moonifest_/post/DMMXqbJv_rP?xmt=AQF0NvBmZ9V4l8iHb00jL31V_MAz_3Z5IqGphV87Tq_ETN6TCtNxf3K9egSc7qiLmHUDfV7m&slof=1,향따🙊,"향수, 리필, 잔향",향따 | 다니엘 트루스 밤쉘 향수,"최근 향따 3번이상 당한 향수. (상급노하우) 다니엘 트루스 밤쉘. 백화점에서 10ml 59,000원 20ml 92,000원 10ml짜리 사고 20ml 스포이드로 리필하면 좋음. 향 진하고 오래감. (손등에도 바르면 계속 잔향 맡을 수 있음.) 아직 싫다는 사람 단 한사람도 못만남. (명품향수들은 호불호 거의 있었음.)"
https://www.threads.com/@wdotzero/post/DUrcqKyEo5T?xmt=AQF0q-y5spDhyWOU6XAwdDRwZiGn584ligM0tH-EJL2Z1D3kYlrzDW-VWDbNQ-SEy2Rpafw&slof=1,향따🙊,"향수, 자라, 향따",향따 | 자라,"지하철타고 출근하는 길, 바로 옆자리 앉으신 분이 핸드폰 화면을 스윽 보여주시길래 엥? 뭐지 이러고 봤는데, 향수 뭐 쓰세요?라고 써있었다. 이 향수입니다만.. n병째 쓰는 향수 중 하나인데, 생각보다 향따 많이 당한 향수 중 하나.. 자라에서 유일하게 재구매하는 친구.. 자라 은근히 향수 맛집 👀 👍🏻"
https://www.threads.com/@doibito/post/DP-M75LkhQT?xmt=AQF0enbOldJqRhcSC7hnckvJlo_uqeRuKZSAtDGLVTF7WUlpAcIuwBZ2ZLUchCIlbFCZCqU&slof=1,향따🙊,"향수 추천, 겨울 향수, 후기",향따 | 겨울철에 뿌리기 좋은 향수 추천과 후기,향수 추천 글이 반나절만에 14만 조회수가 나오는걸 보며 왜 그렇게 잘 나왔을까 관찰해봤다 ⠀ 1) 겨울에 뿌리는 향수 : 계절적 타이밍 2) 100% : 숫자로 직관성 부여 3) 향따 : 향쟁이들만 아는 은어 4) 후기 : 글에 담긴 후기와 댓글에 달린 후기로 완성 ⠀ 하지만 작년에 올렸던 러쉬보다 겨울철 뿌리면 더 좋은 향수가 있는데 그게 뭐냐면.. (이어서)
https://www.threads.com/@ddo_rev1ew/post/DNUCNzmyTaw?xmt=AQF0LSWUTw-IYqDQW7Q0khdNo0T2uhUbuIpD-2EeVaadqF7Me82oCRQSrMfOJ4QWQo-4orc&slof=1,향따🙊,"향수, 올리브영, 향따",향따 | 향수 프레데릭말,"하루에만 2번 향따 당한 적도 있는 레전드 향수 알려줄게 100% 실화임 1. 강남역 올리브영 직원 (여) 2. 노들섬 올리브영 페스타 직원 (남) 3. 네일샵 원장님 (여) 4. 업무 담당자님 (여) 5. 친구 다수 (여/남) 강남역 올리브영이랑 올리브영 페스타는 하루에도 최소 수백명씩 왔다 갔다 하는데 그 속에서 향수 뭐냐고 물어볼 정도면 말 다 한 거지?😌 단, 비싸니까 면세점에서 사는 걸 추천"
https://www.threads.com/@smeller_news/post/DREtWwkk50u?xmt=AQF0bToc0dNlUQaWDMBN1PUTik61R0TtY7VqqvAXPRTrXO-zxQhovYR56g3ZOs5_aRyguwQ5&slof=1,향따🙊,"향수, 향기, 향따",향따 | 향수 모음집,지나가는 사람한테 좋은 향 나서 고개 돌려본 적 있지? ”저기 혹시.. 향수 뭐 쓰세요?“ 말 바로 나오게 하는 향따 100% 보장하는 향기 깡패들만 모아봤어 👊✨
https://www.threads.com/@chouchou_ah/post/DVpWxPcgeOU?xmt=AQF0RhCy6Nn_tg0kzMAVhrXOl5yIHNr18W30LALWQZjR6ni1KcsLGyajfUskC0ozg9yIQZA&slof=1,🪄 브랜드/대표,"더슈슈아, 향, 브랜드",더슈슈아 브랜드 | 고객감사 & 배송지연 안내,안녕하세요. 더슈슈아입니다. 저희 향을 추천해 주셔서 진심으로 감사드립니다. 고객님들께서 알려주셔서 이렇게 늦게나마 찾아오게 되었습니다. 예상보다 많은 주문이 들어오면서 배송이 지연된 점 사과드립니다. 현재는 정상화되었으며 앞으로는 이런 상황이 반복되지 않도록 잘 정비하겠습니다. 더슈슈아는 찾아주시는 고객님들 덕분에 운영되고 있는 작은 브랜드입니다. 장면을 떠올리며 만들었던 향기들을 애정해 주시고 이렇게 소개해 주셔서 감사합니다. 홍보로 보일까 조심스러운 마음도 있지만 감사의 마음은 꼭 전하고 싶었습니다. 스레드를 통해 저희 향을 찾아와 주신 분들께 마음을 전할 수 있는 방법도 고민해 보고 있습니다. 또 시향지나 샘플키트에 대한 의견도 감사히 참고하겠습니다. 구매 리뷰 덕분에 큰 힘을 받고 있습니다. 보내주신 마음을 잊지 않고 더 좋은 향으로 보답하겠습니다. 다시 한번 소개해 주셔서 감사합니다. 더슈슈아의 향기가 고객님의 공간에서 또 다른 기억으로 이어지기를 바랍니다.
https://www.threads.com/@4xl_tube/post/DVP5LOtE0NO?xmt=AQF0ngIJdRsjpAzoM5tWQY1RqtavjIsbYRLtuzMahdODV6YzSpiRqhkwR-dYcJap56jDkDBK&slof=1,향따🙊,"향, 섬유스프레이, 향수",향따 | 섬유 스프레이,지하철에서 어디 좋은 향이 사악 퍼지길래 킁킁 거렸는데 앞에 남자분이신거야!! 너무 향이 좋아서 향따 했다😆 향수 혹시 뭐 쓰세요...? 하니 바로 가방에서 꺼내서 보여주셨는데 향수가 아니라 섬유스프레이였어!!! 사야지 눈누~~
https://www.threads.com/@maengsoonjung/post/DPNluC0AbZJ?xmt=AQF0mZul1CaoziWFclXAurZ_pgdSIskbE_B22mJ5IGISWLuA2MdFNFadc2Q0DPKgP72Qqd2f&slof=1,향따🙊,,향따 | 바다스프레이 & 오일,최근에 향따 당한 두 제품 1. 러쉬 스토미 웨더 진짜이거…특유의 러쉬스러움 고대로 담은 스프레이 특히 러쉬 29 하이스트릿 인생템이다? 그럼 이것도 백퍼 좋아함 그 특유의 러쉬스러움을 얘가 한껏 가지고있음 바질향이 진짜 세련된 바질향? 빅 느낌도나고 더티느낌도나고 이거는 진짜맡아봐야ㅜㅜ 이거 뿌리고 지하철탔는데 어떤여성분이 향따해갔음 그분이 첨에 어 어디서 좋은러쉬냄새난다 이러고 말하셨는데 저 내릴때 향따해감 바질+허브+로즈우드 이걸 러쉬스럽게 풀어낸거같고 잠뿌로도 좋을듯 2. 커리쉴 바바수 오일 향이 진짜고급스럽고 약간 달달한 바닐라향 이거 바른날은 유독 지나가는사람마다 뭐냐고 정보 얻어갔음 심지어 기능적으로는 바르고 오일인데 손에 미끄덩거리는것도없고 빠르게 흡수되고나서 딱 윤기있어보임 절대 떡 안지고 많은사람이 알게되면 아쉬울그런 인생템 이거 향 별로라고한사람 거의 못봄
https://www.threads.com/@0.__.428/post/DUkkIQ4kzUp?xmt=AQF0vC-rZkb-mw8iQHc4kO6anBH2Fj9EgvPrlaYHF_U1udL-ot3_sVVvyeKvbI65DGoaVcKq&slof=1,🪄 브랜드/대표,"티블레스, 향수, 출시",티블레스에서 차 향을 베이스로 한 3가지 향수 라인,"티블레스 향수 출시 소식 전해! ✨ 드디어 기다리던 향수가 런칭돼. 올리브영에서도 3월 초 정식 런칭 예정인데, 그 전에 스친이들한테만 살짝 스포 먼저 할게 👀 이번 향수는 총 3가지 향 화이트티 / 퍼플티 / 얼그레이티 티블레스답게 차 향을 베이스로 한 라인이야. 사실 이 향수들, 전시회 다니면서 꽤 오래 전부터 들고 다녔거든. 그동안 바이어랑 방문객들한테 “이거 언제 출시해요?”라는 질문을 정말 수도 없이 들을 정도로 반응이 계속 좋았어. 이제 드디어 제대로 세상에 나오는 느낌이라 괜히 더 설렌다. 혹시 향수 수출 관련해서 경험 있거나 관심 있는 스친이 있으면 편하게 연락 줘!"
https://www.threads.com/@_binscent/post/C8Hh9CnyGOk?xmt=AQF0LvjQ8AuNJqELq5yjz6iTvxyTeyRQ9Xef3mF89odeiaKfX9umbJvWIssarZzsLM0XX3nk&slof=1,🎩 콘텐츠,"MBTI, 향수 추천, 향",MBTI 유형별 어울리는 향수를 추천하는 내용입니다,전직 조향사 추천 MBTI 어울리는 향수 4탄! ** 이번 추천 좀 야무진듯 .. 🫢 ESTJ #개큰자아 #계획틀어지면분노 #책임감 : 무미건조한듯 하면서 혼자서도 다 잘하는 엣티제는 ‘타바코’ 향수 추천! 👧🏻 - [bdk] 타박로즈 / 플럼 + 시나몬 잔뜩 묻은 초콜릿 장미향 👦🏻 - [btso] 스모킹건 / 매캐하고 날카롭고 달달한 담배냄새 ESFP #스치면인연 #덜렁쟁이 #정이많음 : 어디에나 잘 어울리구 항상 긍정적인 엣프피는 ‘프루티’ 계열 향 추천! 👧🏻 - [구딸파리] 쁘띠쉐리 / 복숭아 향 입은 물기 촉촉 서양배 👦🏻 - [에따리브르도랑쥬] 아임트래시 / 거품 세척한 청사과주스 ENFJ #평화주의 #은근할말다함 #디폴트친절 : 감성적이면서 변화를 좋아하는 엔프제는 싱그럽고 개성있는 그린향 추천! 👧🏻 - [록시땅] 에르베 / 달달하고 상쾌한 초록꿀물 👦🏻 - [앳킨스] 포쉬온더그린 / 민트 + 베티버 더해진 상큼 시원 시트러스 풀떼기
https://www.threads.com/@bit.archive_/post/DVBuNsWk7VR?xmt=AQF0KT4AaQhRuyOcvltdLI3bTi-xhbBH8LacCxTWPeAOf6VYH2j0BQhUUCu8UnCjj3g_ziQ&slof=1,🎩 콘텐츠,"소비자 언어, 마케팅, 브랜드 커뮤니케이션",브랜드가 소비자 언어로 소통하는 실전 마케팅 사례를 소개합니다,"뷰티 브랜드가 '소비자 언어'로 말하는 법 📌 기업 언어 → 소비자 언어로 번역하는 실전 사례 3가지. ① 올리브영 1+1 기획세트 ”200ml 대용량 에디션 출시"" 말고, “쟁일 타이밍"", ""본품 증정"" 이라고 쓰세요 소비자는 용량이 아니라, 다 써갈 때 느끼는 귀찮음을 해결할 '심리적 안도감'을 삽니다. ② 향수 (포맨트) ”은방울꽃, 코튼 머스크의 깨끗한 향"" 말고 “겨울 찬바람 불 때 생각나는 향"" 이라고 써보세요 성분 노트는 안 궁금합니다. 그 향이 필요한 '상황'과 '계절감'을 먼저 찔러주세요. ③ 쿠션 (VDL) ”얇고 가벼운 고밀착 쿠션"" 말고 “모공 순삭"", ""유목민 정착템"" 이라고 쓰세요 제품의 속성(얇은 발림성)보다 소비자가 기대하는 '결과(모공 커버)'와 '안심(정착)'이 먼저입니다. 브랜드의 '자기 합리화'를 버려야 팔리는 언어가 나옵니다. 15년 전 마케팅 원론에서 찾은 더 깊은 실무 이야기는 프로필 링크(블로그)에 담아뒀습니다. 🔗"
https://www.threads.com/@wear.scent_/post/DVLVFDOE4FW?xmt=AQF0cDvsr-9gvVBzzQqFoKHSD4L_6wwQUJM2tsqRImOvBMtTUvF7okTYAWgvQa5wNGnkZgKz&slof=1,🪄 브랜드/대표,"향수, 리뷰 이벤트",새로 시작한 향수 브랜드,"솔직히 말할게. 이제 시작한 향수 브랜드인데 리뷰도 없고 노출도 부족해. 근데 가격,향,퀄리티는 자신 있어. 그래서 무료반품,특가 증정품 제공,리뷰 이벤트 등 진행중이야. 구경와줄래?🤗"
https://www.threads.com/@parfumsamgak.class/post/C_mJciZyYu-?xmt=AQF0sPhVgxg5Fdlf2k9cDKtyc-Fc-MjRsN2w_HT2Z79UZBPa3z6Vm5s2qzuRDvhuWz3N3Y8&slof=1,👾 트렌드,"향수, 브랜드, 향료",향수 브랜드별 추구미,"향수에 1억 태우고 배운 것들 3 향수 브랜드별 추구미 마지막. 이솝은 고급 동남아 리조트 최고급 아로마 오일이 가득. 바질, 스파이스를 좋아하면 1순위 펜할리곤스 섬세하고 사연많은 영국 남자 뭔가 구름이 흐려. 말도 많고. 근데 좀 사는 상류층? 프렌시스커정 각잡은 캐시미어 정장. 좋아하는 하우스. 투명하고, 향이 우아 매끄럽게 흐르는데, 진하지는 않아 가성비 좀 망. 메모, 가죽 옷을 입은 해외 여행 중독자 칭찬임. 높은 가격 만큼 전세계 신기한 향료들을 씀. 가죽 향을 정말 잘 뺌. 첨 맡아 본 향! 겔랑, 조신한 부잣집 언니 오래된 퍼퓸 하우스로, 새로운 고급 라인 라르앤라마티에르는 격이 다름. 불리, 오래된 프랑스 약국 성수점 물로 조향해서 향이 은은하고 부드러움. 허브 계열을 잘 써. 새로나온 토마토 향수 짱짱. 디올, 최고의 셀럽은 누구인가? 디올이 뮤즈 바꾸면 잡지 특집임. 시대를 대표하는 아이콘이 달라지니까. 새로운 미스 디올 퍼퓸에 딸기 들어감."
https://www.threads.com/@l.myrrh_official/post/DLmle6szsh2?xmt=AQF0iJrwBDgxo6CV9e46vVQHds0EmIxV_iIp6Bm7y4U1P2D-EwlrAlk6LWquC46bp0ugDRc&slof=1,조향사🧙‍♀️,"향기, 분자, 조향",향수는 수백 개 분자의 조합으로 만들어지는 정밀한 과학적 설계물이다,"우리가 맡는 ‘향기’는 실제로는 수백 개의 분자로 조합된 결과물이야. 향긋하다, 시원하다, 포근하다. 이 모든 느낌은 분자의 구조와 비율, 휘발성, 조합에 달려 있징. 향수속엔? 적게는 30~많게는 100가지 이상의 화학 조합이 들어가. 🔬 시트러스 향엔 ‘리모넨’ 🥛 우유 같은 머스크엔 ‘갈락솔라이드’ 🌿 푸른 풀내음엔 ‘시스-3-헥세놀’ 그래서 향수는 감성이 아니라, 정밀한 과학 그래서 향수를 “조향”이 아니라 “설계”한다고 말해"
https://www.threads.com/@marei_work/post/DVaOuSyCQSd?xmt=AQF04-kPPbjoipLPK-YxcSCjDxk_ettfUNOqKxB9yOKYSgjePi5j5Kz10Lo49OT0hrSEHNs9&slof=1,🪄 브랜드/대표,"브랜드, 향수, 온라인 마케팅",마레이스튜디오 | 향수 브랜드로서 온라인 전환과 마케팅 방향에 대한 고민,"안녕! 우리는 마레이스튜디오 브랜딩 팀이야😃 혹시 우리랑 비슷한 고민 하고 있는 브랜드 대표님이나 팀원들 있을까 해서 글 남겨봐 마레이스튜디오를 런칭하고 지난 1년 동안 백화점 팝업, 입점, 플래그십 스토어까지 정말 쉴 틈 없이 달려왔어! 우리 향을 좋아해주는 고객분들도 많이 생겼고 근데 이상하게도 브랜드가 커졌다는 느낌은 아직 잘 모르겠어🥲 이제는 결국 온라인 전환을 더 제대로 해야 할 것 같은데, 향수라는 제품 특성상 직접 맡아보지 않으면 구매가 쉽지 않잖아! 그래서 더 고민이야 지금 우리가 생각하는 온라인 마케팅 방향은 크게 세가지 인 것 같아! 1. 제품 중심 홍보(향 자체를 설득하기) 2. 플래그십 스토어 유입 홍보 3. 브랜드 무드 중심 홍보 근데 셋 중에 어디에 힘을 실어야 할지 아직 명확한 답을 못 찾은 느낌이야 혹시 비슷한 고민 해본 적 있으면 편하게 의견 나눠줘! DM도 언제든 환영이야😋"
https://www.threads.com/@shindavid/post/DUkYTkKk4np?xmt=AQF0fAM4QEoG3zdgsssLcAVwH7ZiR9l-uoaYPy4VsCO2w9KzXX6Y9k8hK2eYwH5ApneBePNp&slof=1,향 🌌,"향수, 에탄올 함량, 수출 기준",향수는 해외 어려움,참고로 내가 경험한 내용 공유하자면.... 향수는 에탄올 햠량이 높아서 위험물로 취급. 위허물 수출 기준은 위험물 검사-포장-컨테이너(단독 또는 합)으로 작은 단위로는 수출하기 어렵고 비용 높은 구조야....
https://www.threads.com/@art.ech/post/DUhWxeOAYQX?xmt=AQF0yjMqbWtI5rtJboxYWETp9ScemqidVnGzpLapbAMGYZc17Ep6tJ9TZKF-x64pj-IeLybl&slof=1,⚠️ MOQ/제조,"향수, 런칭, 조향사",MOQ 제약(6만개)로 포기사례,"향수 시작 후 - 향 2가지 3월 국내 런칭계획, 1개 완성 상태에서 k브랜드 파리 팝업 발견 - 레퍼런스 없이 초기마케팅비 새느니 파리 팝업 현장결과물 가져가면 어필하기 좀 더 수월하지 않을까 생각 물론 생각만큼 안나올수도. 스킨케어 수출 대표님들은 말림. 대신 해볼만한 아이템 추천해주셨는데 MOQ 6만개라 포기. 중간에 한번 엎었지만 결국 참가 날짜/비용 줄여 원래 가던길로 해보기로 - 어떻게든 만들기 시작. 런칭 준비 2달 중 1달 여유가 사라지고 할일은 10배 됨 - 스스로를 못믿어 조향사 대표님 컨설팅, 향은 시장에 내놔볼만하다 피드백 - 급 생산시작, 깊은 고민 시간없이 모든걸 닥치는대로 결정하는 날들의 연속 - 빠듯한 일정에 맞춰 향수가 나왔는데 금요일저녁 퀵 안잡혀 공장까지 운전해서 싣고 옴 - 내제품 보면 엄청 설레고 기쁠 줄 알았는데 예상보다 감흥없고 앞으로 이걸 돈받고 팔수있을까? 무덤덤한 생각 - 아직 제대로 시작도 안 함, 시작한지 이제 1개월 조금 넘음"
https://www.threads.com/@a_named_sol/post/DOcjmRJk6J6?xmt=AQF0d5oRpGd1RKQtWKx6im_PLBspsrJXGRBGYGJJcYzw-thE7vR89NhmPp-suofPm2nLoz4&slof=1,🤳 제품군,"핸드크림, 호텔 스파, 향",핸드크림,"손 씻고 이거 바르면 그 순간만큼은 호텔 스파 온 기분 ,, 문의 터진 이 핸드크림 꼭 써봐 (향 설명은 댓글에)"
https://www.threads.com/@lifla_design/post/DNrqybLZsXA?xmt=AQF0iYUYpFRYHpoJCU_asTIOguVsVKGLTnIMP_cXetJM71xsfnOSMa6LBrv27Z81ICjbKkE-&slof=1,🤳 제품군,"향기, 디퓨저, 장미향",디퓨저/캔들/차량용/섬유향수,"10년을 넘게 가장 많이 팔리는 이 향의 이유👀 어제는 한 분이 이 향으로만 모든 제품을 구매하심👍🏻 디퓨저, 캔들, 차량용, 섬유향수 가장 큰 사이즈로! 1. 주변에서 무슨 향수냐고 가장 많이 물어본대 2. 향수 싫어하는 사람들도 좋아할 자연의 향 3. 장미향수 싫어하는 사람도 만족하는 장미향 4. 5년 이상 같은향만 써도 안 질림 5. 꽃다발을 받은 듯 생생한 향기"
https://www.threads.com/@doibito/post/DP82Bw4Eg0W?xmt=AQF0_imf6LbWFaGC30miEklOdOZock7IIt1jF4E3afhmrB4B5SWeakftRWWn1BIrv6HAa0rq&slof=1,향따🙊,"머스크, 꽃, 바질",러쉬,"장담컨데 겨울에 이거 뿌리면 향따 100% 당한다 가벼운 머스크, 꽃, 바질 빻은 향 좋아하면 이거 사라 강남 러쉬에서 착향하고 집 오는데 옆에 커플이 “갑자기 어디서 좋은 냄새 나” 이래서 지금 사야되나 심각하게 고민중임 근데 뿌리고 갈 곳 없어서 안(못) 살듯 나 대신 너희가 사서 뿌려줘"
https://www.threads.com/@entercabin/post/DN27o--ZMk6?xmt=AQF0N3AfnrctgFnCYcP5ZCBehHy1LlsQCdM0rsJiZCwrVfVOSvabNR0uo52OGxSi4qUJcDYb&slof=1,🪄 브랜드/대표,"향수, 숨 쉴 공간, CABIN",마음의 쉼과 위로를 위해 만든 조용한 향수 브랜드,"내가 CABIN을 시작하게 된 이유✌️ 솔직히 말하면 처음엔 향수를 팔아야겠다는 생각보다 나부터 숨을 곳이 필요했어 하루가 끝나도 머릿속은 시끄럽고 일은 계속 맴돌고, 해야 할 것만 쌓여가는데 정작 마음은 한순간도 쉬지를 못하더라구😂 사람들 틈에 있어도 웃는 건 잠깐뿐 돌아서는 순간 남는 건 공허감뿐이었어 어디에도 감정을 내려놓을 자리가 없다는 게 생각보다 훨씬 더 버거웠어 그렇게 하루하루를 버티다 보니 나 스스로도 숨 쉴 공간이 필요하다는 걸 느끼게 됐어 그리고 그걸 만들 수 있다면, 향이 가장 가까울 거라고 생각했지 그래서 만들기 시작했어 누구에게 보여주기 위한 화려한 향이 아니라 조용히 옆에 있어주는 향 그게 CABIN이야 내가 버티기 위해 만들었지만, 혹시 스친이들에게도 필요한 순간이 올지 모르잖아! 지금도 킁카킁카 하면서 글 쓰는 중🤣"
https://www.threads.com/@__bosque_a__/post/DNLGNQJyg-a?xmt=AQF0Gi-3sfRh4bfyrFS4akS5Q5TpqTzHij5GQbFPyG_EDbieI9-S7BCP_BYGgrA93ivjIvSo&slof=1,향따🙊,"바디미스트, 향수, 더프트 앤 도프트","향따 | 바디미스트 5번, 향수 2번",나는 살면서 향따 7번 당해봤는데 그 중 다섯번이 바디미스트고 두번이 향수거든? 바디미스트가 진짜 압도적으로 많았음 식당에서 직원분이 물어보기도하고 카페에서 옆자리 손님이 물어보기도하고 심지어 택시기사님도 물어봄 ㅋㅋㅋㅋㅋㅋㅋㅋㅋㅋㅋ 나는 맨날 신나서 알랴줌 ㅋㅌㅋㅋㅋㅋㅋㅋ 심지어 저렴해 !! 5년 넘게 씀! 뭔가 코가 피곤하지도않고 자연스러워서 질리지않아 향 노트 한번 보고 맞을 것 같은 스친들은 한번 맡아봐! ⭐️더프트 앤 도프트 - 소피소피 바디미스트
https://www.threads.com/@pigeon_official_kr/post/DRd6G0Tk8DH?xmt=AQF0uYadtzdNB8eVsB7xfiMjhXdL2lXQYZ3359D68qRZcDcAgZMxWEo12oHWYoP6OFivbVE&slof=1,향따🙊,"향따 가족, 리뉴얼된 제품, 선물",향따 | 섬유유연제 피죤,안녕하세요 피죤 마케팅팀입니다..! 출근하자마자 팀 단톡방에 이 글이 조용히(?) 퍼지더라고요😊 너무 궁금한 마음에 스레드 계정까지 만들어서 이렇게 찾아왔습니다 혹시 광고처럼 보일까 한참 눈치만 보다가 그래도 감사 인사는 꼭 꼭꼭 드리고 싶었어요!! 이 글 속 '향따 가족'분들!! 혹시나 찾을 때까지 저희도 여기 조용히 리포하고 기다릴게요📍 + 글 올려주신 분께도 정말 정말 감사드려요 시간 되실 때 저희 공식 계정으로 DM 주세요!! 괜찮으시다면 같은 향으로 리뉴얼된 제품이랑 작은 선물 보내드리고 싶어서요🥰
https://www.threads.com/@ahive_official/post/DVdizU6ElAB?xmt=AQF0P2QcesnPeKy3W33o3mLJaINYwpE-H9L9HCNhNHhvDEvfbjXMAb6wWnG1EAhRbRjQ4uVS&slof=1,🪄 브랜드/대표,"향, 브랜드, 성장기",엄마가 되면서 향을 통해 위로받고 직접 브랜드를 만들어가는 성장 이야기,"엄마가 되면서 나를 잃고 싶지 않았어. 향으로 위로받는 내 모습을 발견했고, 그래서 향을 만들기 시작했어. 연년생 자매를 키우며 0에서 브랜드를 만드는 중이야. 과정도, 실패도, 돈 이야기도 숨기지 않고 남길 생각이야. 완성보다 진짜를 기록하면서 나의 성장기를 담을 거야. 흔들려도 멈추지 않고, 결국 성장하는 이야기로 가고 싶어. 응원해줘. 같이 가자. 끝까지. 🌿"
https://www.threads.com/@perfumer_lee_eric/post/DVsv2N2j6QR?xmt=AQF0UA_NULpwDipfyGgjY3ZvNRcLcI_x99_aWSZBOGLYC0GwBF3ghVbxaoHhwOCup9g3hg4&slof=1,👾 트렌드,"향 트렌드, 글로벌 향료사, 퍼퓸 하우스",2026 향 트렌드,"이번에 만든 자료는 무려 전 세계 30여 개의 트렌드 데이터를 모아 분석했는데, 주로 Firmenich 같은 글로벌 향료사 자료부터, 코스모폴리탄 등 글로벌 주요 매거진, 프랑스의 니치 퍼퓸 하우스, 그리고 전문 뷰티 웹진과 크리에이터들의 리포트까지 교차 검증했어.🧑🏻💻 전세계 향 트렌드 데이터를 하나로 모아보니, 공통적으로 두 가지를 중요하게 보고 있더라."
https://www.threads.com/@a__lee2/post/DSK8L-7AbLL?xmt=AQF0J_qBFO7ANwBbwecfU5p8F3TIqSSnXpSi2S6pEOAgWJgsRP9wm_TaHnpRCvReAuXCoXgr&slof=1,향따🙊,"섬유유연제, 향, 건조기시트",섬유유연제,나 진짜 구라안치고 냄새병 있어서 모든 섬유유연제 다 써봤는데 지금까지 모든 섬유유연제 쓰면서 종착지 없는 섬유유연제에 진짜 짜증나서 마지막 섬유다 하고 샀는데 이거 건조기 3-4번 돌려도 향 그대로 남아있는거 이 제품만큼은 없더라 ㅜ 진짜 나 믿고 한번 사봐 진짜 냄새 미쳤어 너무 좋고 섬유유연제 통 맥스 살짝 넘어서 넣어주는데 그냥 레전드야 냄새 남는다는거에 우선 놀랐어 건조기시트지만 300개 샀는데 전부 당근하려고 내놨어 시트지 필요없어졌거든 ㅎㅎ
https://www.threads.com/@lifla_design/post/DS64ud3k_5m?xmt=AQF0ihSu4ZNiCV0vE-OCoaozFpI2YQxod0gJdwrFERTKSnKIY5frgD9lOLqiNi4gbYu19x4&slof=1,🪄 브랜드/대표,"향기제품, 리얼리즘 향기, 자연 향",폐업전? | 자연 그대로의 리얼한 향기를 담은 향기제품을 10년간 만들어온 브랜드,"저는 향기제품 만들어요 10년동안 잘 버텨왔는데 이렇게 오래해도 망할줄 몰랐어요 ㅜㅜ 우리 향 진짜 좋은데!! 10년 단골 손님도 많으시고 광고도 안했는데 연예인이 향 좋다고 브이로그에 소개도 해준 제품이에요 페로몬이나 맡으면 머리아픈 그런 향 아니고 진짜 생장미향, 아카시아 꽃향, 제주 숲향, 자몽과즙향, 복숭아 딸기향 등 자연 그대로 같은 리얼한 향만 있어요. 향기로 행복할 수 있다는 걸 전하고 싶어요! 지나가다 좋아요라도 부탁드려요 ♡"
https://www.threads.com/@ahron.jeon/post/DPoAVqRie82?xmt=AQF0hKMT8daR3bxFobWkN82rvgkaOtiVYlhPyCBSrkI_jWh_FppQz5ykDJjsKwSQ-OGmAP4&slof=1,조향사🧙‍♀️,"조향사, 금목서 향수, 향기",금목서 향수 조향사,"나는 조향사야! 스레드 들어오자마자 금목서 글이 뜨길래 들여다봤는데, 내가 만든 금목서 향수를 추천해주신 분들이 벌써 여럿 계시더라고🥺💕 덕분에 금요일 밤 야근하다가 너무너무 행복해졌어. 아로의 풀 문 블로썸 기억해줘🧡 나도 가을 여행을 떠났다가 금목서 향을 처음 만나고 홀딱 반해서 조향을 시작했었는데, 그만큼 매혹적인 향인 것 같아. (만드는데 1년이 훌쩍 넘게 걸리고, 마지막까지 생화와 비교하느라 제주까지 날아갔었지..) 살구와 복숭아를 닮은 달콤함, 하늘하늘 부드러우면서도 농밀한 꽃향기, 차분하게 남는 잔향까지.. 느낀 그대로 향에 담으려고 했어. 스친에게도 그 향기가 가닿을 수 있다면, 그래서 오래오래 금목서 향이 주는 기분 좋은 느낌을 함께할 수 있다면 참 좋겠다! https://ahro.co.kr/product/full-moon-blossom/16/category/1/display/4/?icid=MAIN.product_listmain_3"
https://www.threads.com/@luminoso_tongyeong/post/DPlwGSWEgZi?xmt=AQF0r9W_GbcDw_2wAtzg6szKMqjtrrdVGxqXJj3utVfDGpwbQ3m-_hOLAkhoECXp_WCMbV0T&slof=1,🪄 브랜드/대표,"금목서 향, 향수 공방, 통영",금목서향 | 통영에 위치한 루미노소 향수 공방,"난 내가 금목서 향을 직접 만들었어~ 오프라인샵은 통영에만있고 지금은 온라인으로도 주문가능해 ㅎㅎ 아쿠아디파르마 오스만투스 제품 내 공방에도 사놨어 비교해보려고!!! 근데!!! 내가 만든게 진짜 금목서 생화를 빻아놓은 향이여~~~ 나는 네가 꼭 내 제품 향 맡아주면좋겠다-!!!! 스탠포드호텔, 어거스트램, 커피니스트에도 입점해있어! 우리 동피랑마을 매장으로 찾아와도좋아!!! 시중에 파는 일본 금목서 코롱 제품 외 3종 다른회사꺼있어 같이 비교해보자☺️🧡"
https://www.threads.com/@my_meminee/post/DPk6CjFkgxw?xmt=AQF0cwydqahNe_jUgwrgzKRi1zebMUssgL_Lnf-kA9hYKKhl6nZuSaJ9VDCCz0cJ3Og67C5V&slof=1,🤳 제품군,"금목서, 향수, 추천",금목서 향,"나 얼마 전에 산책을 하는데 진짜..천국의 향이 나는거야 그래서 그 향을 맡으려고 산책을 2시간 넘게 했거든..? 근데 금목서 향 설명이 내가 맡았던 향이랑 똑같은거야!(살구의 달달함+플로럴) 당장 내 바디,향수 다 금목서로 바꾸려고 스레드 블로그 머 다 뒤져봤더니 1. 록시땅 오스만투스 2. 아쿠아디파르마 오스만투스 3. 아도르 헤어퍼퓸(샴푸도 있더라거..?) 이케가 가장 비슷하고 꼬릿한 냄새 없다는데 혹시 금목서향 제품 추천해줄거 있으면 추천해줘ㅠㅜㅠㅜ 진짜 그 향..하 다 맡게해주고 싶다 정말 너무너무너무 좋아서 산책하는 사람들 다 그 향 얘기하면서 걸어갓어.."
https://www.threads.com/@woodenmore.co.kr/post/DViIikGEvdC?xmt=AQF01EGn1RSDIWQWoZ6hOaxbPkvMAV19lYtbx0Ixk3c-i1a1D8fHrSzIXnUlJfk8p82kP29h&slof=1,🤳 제품군,"우든모어, 판매량, 인지도",사쉐,다들 이런사쉐 본적 없지? 6개월동안 5천개 넘게 팔았는데도 온라인에서는 인지도가 부족한걸 보고 다시 스하리 켰다🔥🔥
https://www.threads.com/@jo__bang_/post/DVJFHhUEjbW?xmt=AQF0ta5e59ED_mkBlm64ZZwTEv03idxwilh-xTIa5lQZ0xS0K-2R_ZTp1T7S2ljwSnG_PXWf&slof=1,🤳 제품군,"차량용 방향제, 향, 가격",차량용 방향제,"차량용 방향제 시작하면서 솔직히 걱정 많았는데 이렇게 반응 좋을 줄 몰랐어 진짜 고마워 2,900원은 마진이 아니라 의견 듣고 싶어서 푼 가격이야 향 과하지 않고 멀미 없는 향 실내에서도 사용 가능해 필요하면 댓글 남겨줘"
https://www.threads.com/@yulmoone/post/DRGcYjpk6DV?xmt=AQF0tJZJTuVecYQgFrPajQ3PDJG3qrhvb2OFuPGwZwPQXrbkFRUK_61pJoOhMwevydGDGvJg&slof=1,🤳 제품군,"향수, 남자들이 좋아하는 향, 여자여자한 향",바디로션,"1. 남자들이 유독 좋아했다 딥디크 롬브르단노 : 들장미+풀향기, 향수냄새 싫다는 남자들도 이거 좋단얘기 많이함 샤넬 코코누와르 : 샤넬향의 약간 중성적인 버전 이거 바르고 클럽가면 향기좋다하는 남자 셋 이상 2. 여자여자하고싶다 샤넬 넘버5 : 아주 고오오급스러운 베이비파우더향 샤넬 마드모아젤 : 백합이 생각나는 여성스러운향 딥디트 오로즈 : 생화 그자체의 가벼운 장미향 바이레도 라튤립 : 튤립 그자체 산타마리아노벨라 프리지아 : 여성미+깨끗한 꽃향기 4. 청순하고싶다 산타마리아노벨라 멜로그라노 :꽃향기+파우더리 합친 보호본능 일으키는 향 몰튼브라운 진저릴리 : 청순+비누+아주살짝 시원함 바이레도 블랑쉬 : 비누 그자체 3. 남들과 다른게 좋다 펜할리곤스 사보이스팀 : 고급스파에서 막 씻고나온향 조말론 블랙베리 앤 우드 : 중성적인 시원함+달달함 바이레도 로즈오브노맨즈랜드 : 싸한 장미 줄기같은향 불리 리켄데코스(오일) : 풀과 허브 자기들 최애도 하나씩 알려주라❤️"
https://www.threads.com/@be.simpler/post/C-rql0nJp2B?xmt=AQF0DsUU-FMeUJCCLSJiSBbOr8li8AR5NyR0NEwoEQ5ckCKumGYCf_cr7Fg6Mj7qBp6Ad_Fs&slof=1,🪄 브랜드/대표,"후각, 향, 악취 제거",하수구 악취 제거와 좋은 냄새를 위한 팁 공유,"안녕! 후각이 예민한 코 하나 믿고 8년째 사업하고 있는 30대 대표야! 운 좋게 쉐라톤, 노보텔, 롯데, 코오롱, 포도호텔, bmw 등의 브랜드들이랑 협업하면서 좋은 향 만들면서 좋은거만 보고 살아왔는데 이제는 코가 심각하게 더 예민해져서 화장실에서 올라오는 하수구 냄새나 빨래방에서 나는 배수구 악취 없애려고 일년째 뭐하나 개발하고 있어. 모두 필요하지만 남들이 꺼려하는 일을 해야, 오래 살아남을 수 있다 생각해서 시작하고 있어~ 좋은 비싼 향수는 다들 개인취향들도 있고 다른 스친들이 더 잘 알려주는거 같아서 나는 그냥 어떻게 하면 하수구 냄새를 없애고, 빨래하고 안말린 물냄새 없앨 수 있는지, 몸에서 좋은 냄새만 날 수 있는지 팁같은거 하나씩 공유해볼게! 밑에는 최근에 같이 작업한 호텔들 몇개 캡쳐해봤어! 사업이야기"
https://www.threads.com/@soyeah_110/post/DTVHPrEklPX?xmt=AQF00IjhQkwH0hIQglVTe1WPSGKTmBWHi0dTnfyCKZN6_NA2QyoECtFlyuUDY_WlQmb7tg3W&slof=1,🤳 제품군,"향수, 아이유 향기, 아쿠아디파르마 피오니아 노빌레",아이유 향기로 유명한 아쿠아디파르마 피오니아 노빌레 향수를 추천하는 글입니다,"☆아이유 향기로 입소문 난 찐 내돈내산 향수 추천☆ 이거 뿌리고 나가서 구라안치고 향따 7번은 당함 '무슨 향수 써요?' 질문 진짜 많이 받음 남들과 똑같은 향 말고, '어? 이 향 뭐야?' 소리 듣고 싶은 사람들께 강추!! 향 하나로 이미지 바꾸고 싶다면 아쿠아디파르마 피오니아 노빌레, 진짜 한 번 써봐"
https://www.threads.com/@shindavid/post/DT7t-6kkQeu?xmt=AQF04KjEyfxWEyORIiKQAoNzUz1EiVt_Omdmxz8K6_URqeEfvLN2hE8EG6QAROIyKr8Oymfb&slof=1,조향사🧙‍♀️,"향수, 제조, 미니 향수",직접 제조한 비누향수와 미니 향수를 판매하는 향수 공장 사장의 이야기입니다,"향수 공장 사장입니다. 지인이 그러더군요. 스레드는 솔직하면 된다고 매출 올리고 싶습니다. 저희 비누향수 향 정말 좋습니다. 우리가 직접 제조해서 판매합니다. 심지어 미리 경험 할 수있는 미니 향수 5ml는 4,500원 입니다. 세상을 향기롭게 만들고 싶습니다. 도와주세요... 🙇🏻♂️🌸"
https://www.threads.com/@bowon.design/post/DF7r86asQvm?xmt=AQF0CUl2sG9lLgVGxLTd8yQJnfK5uK2ewGxvVSRwY5CH4fIdsT7t845HKsPkkd56U_ixZUM&slof=1,🤳 제품군,,,"혹시 향수를 잘 아는 스친들 있어? 내가 좋아하는 향은 아주 확고해. 숲이나 풀 향을 아주 좋아해. 너무 강한 향은 두통을 일으켜! 현재 내가 쓰는 바디오일은 불리의 크레숑이고, 좋아하는 향수는 운 자르댕 수르닐이야. 혹시 나와 비슷한 향 취향을 갖고 있다면, 어떤 향수를 쓰는지 추천 좀 부탁할게! 저렴이 버전도 환영이야. 향수 말고 바디로션이나 바디오일.. 아! 디퓨져도 좋아 :) 향수 추천"
https://www.threads.com/@kieunjane/post/DKIocIUzKE1?xmt=AQF0-gE9LznuaXGhY-6zHJFF9tfSVAaTe0byjPtzPaYNIEEK2IF9W_C9ZHvyY99ijMsCdlU&slof=1,ℹ️ 정보,,고퀄 레퍼런스,"핀터레스트 꿀팁 공유 Part.2 (찐 유용) 반응이 좋아서 더 풀어볼게! 4. 제품컷 레퍼런스가 필요할 때 → still life, product editorial, flatlay 키워드 활용 연출컷, 광고 비주얼 레퍼 찾기에 최적 5. 브랜딩 참고할 때 → brand identity/ branding 을 붙이면 BI, 패키지, 무드보드까지 브랜딩 관련 자료가 쏟아짐 6. 타이포그래피 / 글꼴 디자인 참고할 때 → typography 라는 키워드를 붙이면 다양한 폰트 조합, 레이아웃 예시가 나옴 7. 인스타그램 피드/콘텐츠 무드 잡을 때 → instagram feed layout 추천 피드 구성, 색감 배치 참고용으로 좋음 8.아이디어나 영감이 필요할 때 → 키워드 뒤에 inspo 또는 aesthetic 붙이기 예: clean makeup inspo"
https://www.threads.com/@ukwaehan_0sajang/post/DVL2OG0kn9A?xmt=AQF00vhTp4KwPDIFBELDzz1EMEe5i5zWxiuA1pUtLDDdA29CWJjJjRaTbPI_5vA-0AQYmMsb&slof=1,툴🔧,"AI, 대본작성, 영상분석",숏폼 콘텐츠 툴,"숏폼 콘텐츠 누적 1억 조회수 만들며 쓴 가장 좋은 툴 4가지 1. 대본작성 -> claude 진짜 claude만큼 대본,기획 잘해주는 AI 없음 2. Tiktok&Instagram Sorter 레퍼런스 영상 찾을때 진짜 세상 편함 3. Dictationer 대본 추출, 영상 다운로드, 분석기능까지 한번에 4. Sandcastle.ai 해외 레퍼런스 찾을때 무조건 유용 이거 무조건 써보세요:)"
https://www.threads.com/@stashby.me/post/DVksGIHAIed?xmt=AQF0oQZG08zf0ncV27-4IKnWiDM-MeLvZcI16EfVzCO_o3VQf_NZegVj4GLL8JseTYepAxIE&slof=1,ℹ️ 정보,,디자인 레퍼런스,"앱은 AI가 다 만들어줘도 보는 눈이 없으면 잘 만들어진건지 판단하기 어렵죠? 그래서 요즘은 레퍼런스를 많이 보고 좋은 눈을 기르는게 더 중요합니다. 👇🏻 앱 만들때 보는 눈을 길러주는 디자인 레퍼런스 사이트 https://60fps.design/ - 특이한 앱 인터렉션들을 영상으로 캡쳐해 수집해둔 사이트 mobbin.com - 실제 앱들의 UI 화면을 온보딩, 결제, 프로필 등 UX 플로우별로 볼 수 있는 모바일 UI 레퍼런스 사이트 https://refero.design - SaaS와 모바일 앱의 실제 제품 UI를 모아둔 디자인 레퍼런스 라이브러리 pageflow.com - iOS, Android별 실제 UX 흐름이 스크린샷으로 모아져있음"
https://www.threads.com/@song_ping7/post/DHBZf-zPr3F?xmt=AQF0yNCkxyO-8KrKgeHqoQNZK_3iCWLrVyJ9fDRTRKnHHMTlXaHq0KJ61M1RYP8yDDRlU0r3&slof=1,영상📺,,움짤/효과음,"숏폼 대행사 대표가 알려주는 릴스 툴 5가지 이것만 있으면 100만 릴스 쌉가능 1. 인스타그램 올인원 AI ‘인플로우’ 터진 릴스 래퍼런스부터 계정 진단, 릴스 기획까지 AI가 싹- 다 해주는 미친 사이트. (답답해서 내가 만들었음) 2. 움짤 사이트 ‘GIPHY’ 심지어 다 무료고, 폰으로 저장도 돼서 진짜 🐶꿀 3. 효과음 ‘Myinstants’ 캡컷에 없는 효과음까지 다 있고, 최신 밈 bgm까지 있음. (이것도 무료) 4. 영상편집 ‘캡컷’ / ‘브이딧’ 초보자들은 무조건 캡컷 추천! 유료도 안 아까움 자동 자막이나 다양한 효과, 폰트는 캡컷 넘사,, 따라다니는 모자이크는 ‘브이딧’ 5. 상업용 폰트 ‘눈누’ 상업용으로도 사용 가능한 무료 폰트 사이트! 인플로우는 검색해도 안 나올거야ㅎ 댓글 확인🔽"
https://inflow.agczero.com/?jointo=song,툴🔧,"셀프마케팅, 자동화 도구, 브랜딩 성장",인플로우는 셀프마케팅 자동화 도구로 업무 효율과 매출 향상을 지원하는 온라인 솔루션 플랫폼입니다,온라인 솔루션 전문 플랫폼 AGC입니다. 당신의 브랜딩 성장을 도와드리겠습니다. 인플로우는 셀프마케팅이 필요한 모든곳에 풀스택 개발자들이 만든 셀프마케팅 자동화 도구의 결정체를 제공합니다. 인플로우의 다양한 솔루션으로 마케팅에서 사용 되는 반복적인 업무들에 대하여서 부담을 줄여서 매출향상과 인건비 절감과 업무 효율을 증가시켜서 당신의 브랜딩 성장을 도와드리겠습니다.
https://reelsscribe.com/,툴🔧,"영상, 숏츠, 릴스",릴스 대본 추출사이트,인스타그램 릴스 URL만 입력하면 자동으로 대본을 추출하고 트렌드를 분석해주는 AI 도구
https://www.threads.com/@bibibi.designer/post/DLGh38MTSnP?xmt=AQF0lfRUBK7T5SorY5hGLirJPlFOBpcAtXshlLGQQRdsQ24ecIjYqJ-K5dD6RivcBSThVuim&slof=1,ℹ️ 정보,"디자인, 레퍼런스 사이트, 웹사이트 트렌드, 정보, 레퍼런스",디자인 레퍼런스 사이트,"안녕하세요, 피피팀 비비✨입니다. 포트폴리오, 랜딩페이지를 만들 때 영감을 줄 레퍼런스 사이트가 필요하신가요? 오늘은 디자인 감도를 높이는 고퀄리티 웹사이트 트렌드 레퍼런스 5곳을 정리했습니다. 📍 SOOT 🔗 https://www.soot.com/ - 색상, 텍스처, 무드별로 시각적 매핑하는 시스템 - 비주얼 영감 수집 / 무드보드 제작용으로 추천 📍 httpster 🔗 https://httpster.net/ - 3,116개의 글로벌 웹사이트 아카이브 - 카테고리, 발행일, 스타일, 제작사 등 세부 정보 확인 📍 Visuelle 🔗 https://visuelle.co.uk/ - 런던 기반 OPX 스튜디오의 전문가 큐레이션 - 유명 스튜디오와 개인 작품 레퍼런스 참고용 추천 📍 Maxi Best Of 🔗 https://maxibestof.one/ - 7,000개 이상 글로벌 에이전시와 개인 작업물 모음 - 매주 업데이트, 인기/신작 웹사이트 확인 가능"